,FIPS,ba,county_name,state
0,53007,p1,chelan,WA
1,53029,p1,island,WA
2,53033,p1,king,WA
3,53035,p1,kitsap,WA
4,53037,p1,kittitas,WA
5,53053,p1,pierce,WA
6,53055,p1,san juan,WA
7,53057,p1,skagit,WA
8,53061,p1,snohomish,WA
9,53067,p1,thurston,WA
10,53073,p1,whatcom,WA
11,53003,p2,asotin,WA
12,53005,p2,benton,WA
13,53009,p2,clallam,WA
14,53011,p2,clark,WA
15,53013,p2,columbia,WA
16,53015,p2,cowlitz,WA
17,53023,p2,garfield,WA
18,53027,p2,grays harbor,WA
19,53031,p2,jefferson,WA
20,53039,p2,klickitat,WA
21,53041,p2,lewis,WA
22,53045,p2,mason,WA
23,53049,p2,pacific,WA
24,53059,p2,skamania,WA
25,53069,p2,wahkiakum,WA
26,53071,p2,walla walla,WA
27,53077,p2,yakima,WA
28,53001,p3,adams,WA
29,53019,p3,ferry,WA
30,53021,p3,franklin,WA
31,53043,p3,lincoln,WA
32,53047,p3,okanogan,WA
33,53051,p3,pend oreille,WA
34,53063,p3,spokane,WA
35,53065,p3,stevens,WA
36,53075,p3,whitman,WA
37,53017,p4,douglas,WA
38,53025,p4,grant,WA
39,41003,p5,benton,OR
40,41005,p5,clackamas,OR
41,41007,p5,clatsop,OR
42,41009,p5,columbia,OR
43,41013,p5,crook,OR
44,41017,p5,deschutes,OR
45,41021,p5,gilliam,OR
46,41023,p5,grant,OR
47,41027,p5,hood river,OR
48,41031,p5,jefferson,OR
49,41039,p5,lane,OR
50,41041,p5,lincoln,OR
51,41043,p5,linn,OR
52,41047,p5,marion,OR
53,41049,p5,morrow,OR
54,41051,p5,multnomah,OR
55,41053,p5,polk,OR
56,41055,p5,sherman,OR
57,41057,p5,tillamook,OR
58,41059,p5,umatilla,OR
59,41061,p5,union,OR
60,41063,p5,wallowa,OR
61,41065,p5,wasco,OR
62,41067,p5,washington,OR
63,41069,p5,wheeler,OR
64,41071,p5,yamhill,OR
65,41011,p6,coos,OR
66,41015,p6,curry,OR
67,41019,p6,douglas,OR
68,41029,p6,jackson,OR
69,41033,p6,josephine,OR
70,41035,p6,klamath,OR
71,41001,p7,baker,OR
72,41025,p7,harney,OR
73,41037,p7,lake,OR
74,41045,p7,malheur,OR
75,6035,p8,lassen,CA
76,6049,p8,modoc,CA
77,6093,p8,siskiyou,CA
78,6001,p9,alameda,CA
79,6003,p9,alpine,CA
80,6005,p9,amador,CA
81,6007,p9,butte,CA
82,6009,p9,calaveras,CA
83,6011,p9,colusa,CA
84,6013,p9,contra costa,CA
85,6015,p9,del norte,CA
86,6017,p9,el dorado,CA
87,6019,p9,fresno,CA
88,6021,p9,glenn,CA
89,6023,p9,humboldt,CA
90,6031,p9,kings,CA
91,6033,p9,lake,CA
92,6039,p9,madera,CA
93,6041,p9,marin,CA
94,6043,p9,mariposa,CA
95,6045,p9,mendocino,CA
96,6047,p9,merced,CA
97,6053,p9,monterey,CA
98,6055,p9,napa,CA
99,6057,p9,nevada,CA
100,6061,p9,placer,CA
101,6063,p9,plumas,CA
102,6067,p9,sacramento,CA
103,6069,p9,san benito,CA
104,6075,p9,san francisco,CA
105,6077,p9,san joaquin,CA
106,6079,p9,san luis obispo,CA
107,6081,p9,san mateo,CA
108,6083,p9,santa barbara,CA
109,6085,p9,santa clara,CA
110,6087,p9,santa cruz,CA
111,6089,p9,shasta,CA
112,6091,p9,sierra,CA
113,6095,p9,solano,CA
114,6097,p9,sonoma,CA
115,6099,p9,stanislaus,CA
116,6101,p9,sutter,CA
117,6103,p9,tehama,CA
118,6105,p9,trinity,CA
119,6109,p9,tuolumne,CA
120,6113,p9,yolo,CA
121,6115,p9,yuba,CA
122,6025,p10,imperial,CA
123,6027,p10,inyo,CA
124,6029,p10,kern,CA
125,6037,p10,los angeles,CA
126,6051,p10,mono,CA
127,6059,p10,orange,CA
128,6065,p10,riverside,CA
129,6071,p10,san bernardino,CA
130,6107,p10,tulare,CA
131,6111,p10,ventura,CA
132,6073,p11,san diego,CA
133,32001,p12,churchill,NV
134,32005,p12,douglas,NV
135,32007,p12,elko,NV
136,32009,p12,esmeralda,NV
137,32011,p12,eureka,NV
138,32013,p12,humboldt,NV
139,32015,p12,lander,NV
140,32017,p12,lincoln,NV
141,32019,p12,lyon,NV
142,32021,p12,mineral,NV
143,32023,p12,nye,NV
144,32027,p12,pershing,NV
145,32029,p12,storey,NV
146,32031,p12,washoe,NV
147,32033,p12,white pine,NV
148,32510,p12,carson city,NV
149,32003,p13,clark,NV
150,16009,p14,benewah,ID
151,16017,p14,bonner,ID
152,16021,p14,boundary,ID
153,16055,p14,kootenai,ID
154,16057,p14,latah,ID
155,16061,p14,lewis,ID
156,16069,p14,nez perce,ID
157,16001,p15,ada,ID
158,16003,p15,adams,ID
159,16013,p15,blaine,ID
160,16015,p15,boise,ID
161,16023,p15,butte,ID
162,16025,p15,camas,ID
163,16027,p15,canyon,ID
164,16035,p15,clearwater,ID
165,16037,p15,custer,ID
166,16039,p15,elmore,ID
167,16045,p15,gem,ID
168,16047,p15,gooding,ID
169,16049,p15,idaho,ID
170,16053,p15,jerome,ID
171,16059,p15,lemhi,ID
172,16063,p15,lincoln,ID
173,16067,p15,minidoka,ID
174,16073,p15,owyhee,ID
175,16075,p15,payette,ID
176,16079,p15,shoshone,ID
177,16085,p15,valley,ID
178,16087,p15,washington,ID
179,16005,p16,bannock,ID
180,16007,p16,bear lake,ID
181,16011,p16,bingham,ID
182,16019,p16,bonneville,ID
183,16029,p16,caribou,ID
184,16031,p16,cassia,ID
185,16033,p16,clark,ID
186,16041,p16,franklin,ID
187,16043,p16,fremont,ID
188,16051,p16,jefferson,ID
189,16065,p16,madison,ID
190,16071,p16,oneida,ID
191,16077,p16,power,ID
192,16081,p16,teton,ID
193,16083,p16,twin falls,ID
194,30001,p17,beaverhead,MT
195,30007,p17,broadwater,MT
196,30023,p17,deer lodge,MT
197,30029,p17,flathead,MT
198,30039,p17,granite,MT
199,30043,p17,jefferson,MT
200,30047,p17,lake,MT
201,30053,p17,lincoln,MT
202,30057,p17,madison,MT
203,30061,p17,mineral,MT
204,30063,p17,missoula,MT
205,30077,p17,powell,MT
206,30081,p17,ravalli,MT
207,30089,p17,sanders,MT
208,30093,p17,silver bow,MT
209,30003,p18,big horn,MT
210,30005,p18,blaine,MT
211,30009,p18,carbon,MT
212,30013,p18,cascade,MT
213,30015,p18,chouteau,MT
214,30031,p18,gallatin,MT
215,30035,p18,glacier,MT
216,30041,p18,hill,MT
217,30049,p18,lewis and clark,MT
218,30051,p18,liberty,MT
219,30059,p18,meagher,MT
220,30067,p18,park,MT
221,30071,p18,phillips,MT
222,30073,p18,pondera,MT
223,30095,p18,stillwater,MT
224,30097,p18,sweet grass,MT
225,30099,p18,teton,MT
226,30101,p18,toole,MT
227,30033,p19,garfield,MT
228,30105,p19,valley,MT
229,30027,p20,fergus,MT
230,30037,p20,golden valley,MT
231,30045,p20,judith basin,MT
232,30065,p20,musselshell,MT
233,30069,p20,petroleum,MT
234,30075,p20,powder river,MT
235,30087,p20,rosebud,MT
236,30103,p20,treasure,MT
237,30107,p20,wheatland,MT
238,30111,p20,yellowstone,MT
239,56003,p21,big horn,WY
240,56013,p21,fremont,WY
241,56017,p21,hot springs,WY
242,56023,p21,lincoln,WY
243,56029,p21,park,WY
244,56035,p21,sublette,WY
245,56037,p21,sweetwater,WY
246,56039,p21,teton,WY
247,56041,p21,uinta,WY
248,56043,p21,washakie,WY
249,56019,p22,johnson,WY
250,56033,p22,sheridan,WY
251,56005,p23,campbell,WY
252,56011,p23,crook,WY
253,56045,p23,weston,WY
254,56001,p24,albany,WY
255,56007,p24,carbon,WY
256,56009,p24,converse,WY
257,56015,p24,goshen,WY
258,56021,p24,laramie,WY
259,56025,p24,natrona,WY
260,56027,p24,niobrara,WY
261,56031,p24,platte,WY
262,49001,p25,beaver,UT
263,49003,p25,box elder,UT
264,49005,p25,cache,UT
265,49007,p25,carbon,UT
266,49011,p25,davis,UT
267,49015,p25,emery,UT
268,49017,p25,garfield,UT
269,49019,p25,grand,UT
270,49021,p25,iron,UT
271,49023,p25,juab,UT
272,49025,p25,kane,UT
273,49027,p25,millard,UT
274,49031,p25,piute,UT
275,49035,p25,salt lake,UT
276,49037,p25,san juan,UT
277,49039,p25,sanpete,UT
278,49041,p25,sevier,UT
279,49045,p25,tooele,UT
280,49049,p25,utah,UT
281,49053,p25,washington,UT
282,49055,p25,wayne,UT
283,49057,p25,weber,UT
284,49009,p26,daggett,UT
285,49013,p26,duchesne,UT
286,49029,p26,morgan,UT
287,49033,p26,rich,UT
288,49043,p26,summit,UT
289,49047,p26,uintah,UT
290,49051,p26,wasatch,UT
291,4015,p27,mohave,AZ
292,4003,p28,cochise,AZ
293,4005,p28,coconino,AZ
294,4007,p28,gila,AZ
295,4009,p28,graham,AZ
296,4011,p28,greenlee,AZ
297,4012,p28,la paz,AZ
298,4013,p28,maricopa,AZ
299,4017,p28,navajo,AZ
300,4021,p28,pinal,AZ
301,4025,p28,yavapai,AZ
302,4027,p28,yuma,AZ
303,4001,p29,apache,AZ
304,4019,p30,pima,AZ
305,4023,p30,santa cruz,AZ
306,35001,p31,bernalillo,NM
307,35003,p31,catron,NM
308,35006,p31,cibola,NM
309,35007,p31,colfax,NM
310,35011,p31,de baca,NM
311,35013,p31,dona ana,NM
312,35017,p31,grant,NM
313,35019,p31,guadalupe,NM
314,35021,p31,harding,NM
315,35023,p31,hidalgo,NM
316,35027,p31,lincoln,NM
317,35028,p31,los alamos,NM
318,35029,p31,luna,NM
319,35031,p31,mckinley,NM
320,35033,p31,mora,NM
321,35035,p31,otero,NM
322,35039,p31,rio arriba,NM
323,35043,p31,sandoval,NM
324,35045,p31,san juan,NM
325,35047,p31,san miguel,NM
326,35049,p31,santa fe,NM
327,35051,p31,sierra,NM
328,35053,p31,socorro,NM
329,35055,p31,taos,NM
330,35057,p31,torrance,NM
331,35059,p31,union,NM
332,35061,p31,valencia,NM
333,46019,p32,butte,SD
334,46033,p32,custer,SD
335,46047,p32,fall river,SD
336,46081,p32,lawrence,SD
337,46103,p32,pennington,SD
338,8001,p33,adams,CO
339,8005,p33,arapahoe,CO
340,8013,p33,boulder,CO
341,8014,p33,broomfield,CO
342,8019,p33,clear creek,CO
343,8031,p33,denver,CO
344,8035,p33,douglas,CO
345,8037,p33,eagle,CO
346,8045,p33,garfield,CO
347,8047,p33,gilpin,CO
348,8049,p33,grand,CO
349,8057,p33,jackson,CO
350,8059,p33,jefferson,CO
351,8065,p33,lake,CO
352,8069,p33,larimer,CO
353,8075,p33,logan,CO
354,8077,p33,mesa,CO
355,8081,p33,moffat,CO
356,8087,p33,morgan,CO
357,8093,p33,park,CO
358,8095,p33,phillips,CO
359,8097,p33,pitkin,CO
360,8103,p33,rio blanco,CO
361,8107,p33,routt,CO
362,8115,p33,sedgwick,CO
363,8117,p33,summit,CO
364,8119,p33,teller,CO
365,8121,p33,washington,CO
366,8123,p33,weld,CO
367,8125,p33,yuma,CO
368,8003,p34,alamosa,CO
369,8007,p34,archuleta,CO
370,8009,p34,baca,CO
371,8011,p34,bent,CO
372,8015,p34,chaffee,CO
373,8017,p34,cheyenne,CO
374,8021,p34,conejos,CO
375,8023,p34,costilla,CO
376,8025,p34,crowley,CO
377,8027,p34,custer,CO
378,8029,p34,delta,CO
379,8033,p34,dolores,CO
380,8039,p34,elbert,CO
381,8041,p34,el paso,CO
382,8043,p34,fremont,CO
383,8051,p34,gunnison,CO
384,8053,p34,hinsdale,CO
385,8055,p34,huerfano,CO
386,8061,p34,kiowa,CO
387,8063,p34,kit carson,CO
388,8067,p34,la plata,CO
389,8071,p34,las animas,CO
390,8073,p34,lincoln,CO
391,8079,p34,mineral,CO
392,8083,p34,montezuma,CO
393,8085,p34,montrose,CO
394,8089,p34,otero,CO
395,8091,p34,ouray,CO
396,8099,p34,prowers,CO
397,8101,p34,pueblo,CO
398,8105,p34,rio grande,CO
399,8109,p34,saguache,CO
400,8111,p34,san juan,CO
401,8113,p34,san miguel,CO
402,30011,p35,carter,MT
403,30017,p35,custer,MT
404,30019,p35,daniels,MT
405,30021,p35,dawson,MT
406,30025,p35,fallon,MT
407,30055,p35,mccone,MT
408,30079,p35,prairie,MT
409,30083,p35,richland,MT
410,30085,p35,roosevelt,MT
411,30091,p35,sheridan,MT
412,30109,p35,wibaux,MT
413,38001,p36,adams,ND
414,38007,p36,billings,ND
415,38011,p36,bowman,ND
416,38013,p36,burke,ND
417,38015,p36,burleigh,ND
418,38021,p36,dickey,ND
419,38023,p36,divide,ND
420,38025,p36,dunn,ND
421,38029,p36,emmons,ND
422,38033,p36,golden valley,ND
423,38037,p36,grant,ND
424,38041,p36,hettinger,ND
425,38047,p36,logan,ND
426,38051,p36,mcintosh,ND
427,38053,p36,mckenzie,ND
428,38057,p36,mercer,ND
429,38059,p36,morton,ND
430,38061,p36,mountrail,ND
431,38065,p36,oliver,ND
432,38075,p36,renville,ND
433,38085,p36,sioux,ND
434,38087,p36,slope,ND
435,38089,p36,stark,ND
436,38105,p36,williams,ND
437,38003,p37,barnes,ND
438,38005,p37,benson,ND
439,38009,p37,bottineau,ND
440,38017,p37,cass,ND
441,38019,p37,cavalier,ND
442,38027,p37,eddy,ND
443,38031,p37,foster,ND
444,38035,p37,grand forks,ND
445,38039,p37,griggs,ND
446,38043,p37,kidder,ND
447,38045,p37,lamoure,ND
448,38049,p37,mchenry,ND
449,38055,p37,mclean,ND
450,38063,p37,nelson,ND
451,38067,p37,pembina,ND
452,38069,p37,pierce,ND
453,38071,p37,ramsey,ND
454,38073,p37,ransom,ND
455,38077,p37,richland,ND
456,38079,p37,rolette,ND
457,38081,p37,sargent,ND
458,38083,p37,sheridan,ND
459,38091,p37,steele,ND
460,38093,p37,stutsman,ND
461,38095,p37,towner,ND
462,38097,p37,traill,ND
463,38099,p37,walsh,ND
464,38101,p37,ward,ND
465,38103,p37,wells,ND
466,46003,p38,aurora,SD
467,46005,p38,beadle,SD
468,46007,p38,bennett,SD
469,46009,p38,bon homme,SD
470,46011,p38,brookings,SD
471,46013,p38,brown,SD
472,46015,p38,brule,SD
473,46017,p38,buffalo,SD
474,46021,p38,campbell,SD
475,46023,p38,charles mix,SD
476,46025,p38,clark,SD
477,46027,p38,clay,SD
478,46029,p38,codington,SD
479,46031,p38,corson,SD
480,46035,p38,davison,SD
481,46037,p38,day,SD
482,46039,p38,deuel,SD
483,46041,p38,dewey,SD
484,46043,p38,douglas,SD
485,46045,p38,edmunds,SD
486,46049,p38,faulk,SD
487,46051,p38,grant,SD
488,46053,p38,gregory,SD
489,46055,p38,haakon,SD
490,46057,p38,hamlin,SD
491,46059,p38,hand,SD
492,46061,p38,hanson,SD
493,46063,p38,harding,SD
494,46065,p38,hughes,SD
495,46067,p38,hutchinson,SD
496,46069,p38,hyde,SD
497,46071,p38,jackson,SD
498,46073,p38,jerauld,SD
499,46075,p38,jones,SD
500,46077,p38,kingsbury,SD
501,46079,p38,lake,SD
502,46083,p38,lincoln,SD
503,46085,p38,lyman,SD
504,46087,p38,mccook,SD
505,46089,p38,mcpherson,SD
506,46091,p38,marshall,SD
507,46093,p38,meade,SD
508,46095,p38,mellette,SD
509,46097,p38,miner,SD
510,46099,p38,minnehaha,SD
511,46101,p38,moody,SD
512,46102,p38,oglala lakota,SD
513,46105,p38,perkins,SD
514,46107,p38,potter,SD
515,46109,p38,roberts,SD
516,46111,p38,sanborn,SD
517,46115,p38,spink,SD
518,46117,p38,stanley,SD
519,46119,p38,sully,SD
520,46121,p38,todd,SD
521,46123,p38,tripp,SD
522,46125,p38,turner,SD
523,46127,p38,union,SD
524,46129,p38,walworth,SD
525,46135,p38,yankton,SD
526,46137,p38,ziebach,SD
527,31005,p39,arthur,NE
528,31007,p39,banner,NE
529,31013,p39,box butte,NE
530,31029,p39,chase,NE
531,31033,p39,cheyenne,NE
532,31045,p39,dawes,NE
533,31049,p39,deuel,NE
534,31057,p39,dundy,NE
535,31069,p39,garden,NE
536,31075,p39,grant,NE
537,31101,p39,keith,NE
538,31105,p39,kimball,NE
539,31123,p39,morrill,NE
540,31135,p39,perkins,NE
541,31157,p39,scotts bluff,NE
542,31161,p39,sheridan,NE
543,31165,p39,sioux,NE
544,31001,p40,adams,NE
545,31003,p40,antelope,NE
546,31009,p40,blaine,NE
547,31011,p40,boone,NE
548,31015,p40,boyd,NE
549,31017,p40,brown,NE
550,31019,p40,buffalo,NE
551,31023,p40,butler,NE
552,31027,p40,cedar,NE
553,31031,p40,cherry,NE
554,31035,p40,clay,NE
555,31039,p40,cuming,NE
556,31041,p40,custer,NE
557,31043,p40,dakota,NE
558,31047,p40,dawson,NE
559,31051,p40,dixon,NE
560,31059,p40,fillmore,NE
561,31061,p40,franklin,NE
562,31063,p40,frontier,NE
563,31065,p40,furnas,NE
564,31067,p40,gage,NE
565,31071,p40,garfield,NE
566,31073,p40,gosper,NE
567,31077,p40,greeley,NE
568,31079,p40,hall,NE
569,31081,p40,hamilton,NE
570,31083,p40,harlan,NE
571,31085,p40,hayes,NE
572,31087,p40,hitchcock,NE
573,31089,p40,holt,NE
574,31091,p40,hooker,NE
575,31093,p40,howard,NE
576,31095,p40,jefferson,NE
577,31099,p40,kearney,NE
578,31103,p40,keya paha,NE
579,31107,p40,knox,NE
580,31111,p40,lincoln,NE
581,31113,p40,logan,NE
582,31115,p40,loup,NE
583,31117,p40,mcpherson,NE
584,31119,p40,madison,NE
585,31121,p40,merrick,NE
586,31125,p40,nance,NE
587,31129,p40,nuckolls,NE
588,31137,p40,phelps,NE
589,31139,p40,pierce,NE
590,31141,p40,platte,NE
591,31143,p40,polk,NE
592,31145,p40,red willow,NE
593,31149,p40,rock,NE
594,31151,p40,saline,NE
595,31159,p40,seward,NE
596,31163,p40,sherman,NE
597,31167,p40,stanton,NE
598,31169,p40,thayer,NE
599,31171,p40,thomas,NE
600,31173,p40,thurston,NE
601,31175,p40,valley,NE
602,31179,p40,wayne,NE
603,31181,p40,webster,NE
604,31183,p40,wheeler,NE
605,31185,p40,york,NE
606,31021,p41,burt,NE
607,31025,p41,cass,NE
608,31037,p41,colfax,NE
609,31053,p41,dodge,NE
610,31055,p41,douglas,NE
611,31097,p41,johnson,NE
612,31109,p41,lancaster,NE
613,31127,p41,nemaha,NE
614,31131,p41,otoe,NE
615,31133,p41,pawnee,NE
616,31147,p41,richardson,NE
617,31153,p41,sarpy,NE
618,31155,p41,saunders,NE
619,31177,p41,washington,NE
620,27005,p42,becker,MN
621,27007,p42,beltrami,MN
622,27027,p42,clay,MN
623,27029,p42,clearwater,MN
624,27069,p42,kittson,MN
625,27071,p42,koochiching,MN
626,27077,p42,lake of the woods,MN
627,27087,p42,mahnomen,MN
628,27089,p42,marshall,MN
629,27107,p42,norman,MN
630,27113,p42,pennington,MN
631,27119,p42,polk,MN
632,27125,p42,red lake,MN
633,27135,p42,roseau,MN
634,27001,p43,aitkin,MN
635,27003,p43,anoka,MN
636,27009,p43,benton,MN
637,27011,p43,big stone,MN
638,27017,p43,carlton,MN
639,27019,p43,carver,MN
640,27021,p43,cass,MN
641,27025,p43,chisago,MN
642,27031,p43,cook,MN
643,27035,p43,crow wing,MN
644,27037,p43,dakota,MN
645,27039,p43,dodge,MN
646,27041,p43,douglas,MN
647,27049,p43,goodhue,MN
648,27051,p43,grant,MN
649,27053,p43,hennepin,MN
650,27057,p43,hubbard,MN
651,27059,p43,isanti,MN
652,27061,p43,itasca,MN
653,27065,p43,kanabec,MN
654,27067,p43,kandiyohi,MN
655,27075,p43,lake,MN
656,27079,p43,le sueur,MN
657,27085,p43,mcleod,MN
658,27093,p43,meeker,MN
659,27095,p43,mille lacs,MN
660,27097,p43,morrison,MN
661,27109,p43,olmsted,MN
662,27111,p43,otter tail,MN
663,27115,p43,pine,MN
664,27121,p43,pope,MN
665,27123,p43,ramsey,MN
666,27131,p43,rice,MN
667,27137,p43,st. louis,MN
668,27139,p43,scott,MN
669,27141,p43,sherburne,MN
670,27143,p43,sibley,MN
671,27145,p43,stearns,MN
672,27147,p43,steele,MN
673,27149,p43,stevens,MN
674,27151,p43,swift,MN
675,27153,p43,todd,MN
676,27155,p43,traverse,MN
677,27157,p43,wabasha,MN
678,27159,p43,wadena,MN
679,27163,p43,washington,MN
680,27167,p43,wilkin,MN
681,27169,p43,winona,MN
682,27171,p43,wright,MN
683,27023,p44,chippewa,MN
684,27073,p44,lac qui parle,MN
685,27081,p44,lincoln,MN
686,27083,p44,lyon,MN
687,27101,p44,murray,MN
688,27105,p44,nobles,MN
689,27117,p44,pipestone,MN
690,27127,p44,redwood,MN
691,27129,p44,renville,MN
692,27133,p44,rock,MN
693,27173,p44,yellow medicine,MN
694,19009,p45,audubon,IA
695,19021,p45,buena vista,IA
696,19025,p45,calhoun,IA
697,19027,p45,carroll,IA
698,19033,p45,cerro gordo,IA
699,19035,p45,cherokee,IA
700,19041,p45,clay,IA
701,19047,p45,crawford,IA
702,19059,p45,dickinson,IA
703,19063,p45,emmet,IA
704,19069,p45,franklin,IA
705,19071,p45,fremont,IA
706,19081,p45,hancock,IA
707,19085,p45,harrison,IA
708,19091,p45,humboldt,IA
709,19093,p45,ida,IA
710,19109,p45,kossuth,IA
711,19119,p45,lyon,IA
712,19129,p45,mills,IA
713,19133,p45,monona,IA
714,19137,p45,montgomery,IA
715,19141,p45,o'brien,IA
716,19143,p45,osceola,IA
717,19145,p45,page,IA
718,19147,p45,palo alto,IA
719,19149,p45,plymouth,IA
720,19151,p45,pocahontas,IA
721,19155,p45,pottawattamie,IA
722,19161,p45,sac,IA
723,19165,p45,shelby,IA
724,19167,p45,sioux,IA
725,19173,p45,taylor,IA
726,19187,p45,webster,IA
727,19189,p45,winnebago,IA
728,19193,p45,woodbury,IA
729,19195,p45,worth,IA
730,19197,p45,wright,IA
731,55003,p46,ashland,WI
732,55005,p46,barron,WI
733,55007,p46,bayfield,WI
734,55011,p46,buffalo,WI
735,55013,p46,burnett,WI
736,55017,p46,chippewa,WI
737,55019,p46,clark,WI
738,55031,p46,douglas,WI
739,55033,p46,dunn,WI
740,55035,p46,eau claire,WI
741,55051,p46,iron,WI
742,55063,p46,la crosse,WI
743,55091,p46,pepin,WI
744,55093,p46,pierce,WI
745,55095,p46,polk,WI
746,55099,p46,price,WI
747,55107,p46,rusk,WI
748,55109,p46,st. croix,WI
749,55113,p46,sawyer,WI
750,55119,p46,taylor,WI
751,55121,p46,trempealeau,WI
752,55129,p46,washburn,WI
753,35005,p47,chaves,NM
754,35009,p47,curry,NM
755,35015,p47,eddy,NM
756,35025,p47,lea,NM
757,35037,p47,quay,NM
758,35041,p47,roosevelt,NM
759,48011,p48,armstrong,TX
760,48017,p48,bailey,TX
761,48065,p48,carson,TX
762,48069,p48,castro,TX
763,48079,p48,cochran,TX
764,48087,p48,collingsworth,TX
765,48111,p48,dallam,TX
766,48117,p48,deaf smith,TX
767,48129,p48,donley,TX
768,48153,p48,floyd,TX
769,48165,p48,gaines,TX
770,48169,p48,garza,TX
771,48179,p48,gray,TX
772,48189,p48,hale,TX
773,48195,p48,hansford,TX
774,48205,p48,hartley,TX
775,48211,p48,hemphill,TX
776,48219,p48,hockley,TX
777,48233,p48,hutchinson,TX
778,48279,p48,lamb,TX
779,48295,p48,lipscomb,TX
780,48303,p48,lubbock,TX
781,48305,p48,lynn,TX
782,48341,p48,moore,TX
783,48357,p48,ochiltree,TX
784,48359,p48,oldham,TX
785,48369,p48,parmer,TX
786,48375,p48,potter,TX
787,48381,p48,randall,TX
788,48393,p48,roberts,TX
789,48421,p48,sherman,TX
790,48437,p48,swisher,TX
791,48445,p48,terry,TX
792,48483,p48,wheeler,TX
793,48501,p48,yoakum,TX
794,40007,p49,beaver,OK
795,40025,p49,cimarron,OK
796,40139,p49,texas,OK
797,40003,p50,alfalfa,OK
798,40005,p50,atoka,OK
799,40009,p50,beckham,OK
800,40011,p50,blaine,OK
801,40013,p50,bryan,OK
802,40015,p50,caddo,OK
803,40017,p50,canadian,OK
804,40019,p50,carter,OK
805,40023,p50,choctaw,OK
806,40027,p50,cleveland,OK
807,40029,p50,coal,OK
808,40031,p50,comanche,OK
809,40033,p50,cotton,OK
810,40039,p50,custer,OK
811,40043,p50,dewey,OK
812,40045,p50,ellis,OK
813,40047,p50,garfield,OK
814,40049,p50,garvin,OK
815,40051,p50,grady,OK
816,40053,p50,grant,OK
817,40055,p50,greer,OK
818,40057,p50,harmon,OK
819,40059,p50,harper,OK
820,40061,p50,haskell,OK
821,40063,p50,hughes,OK
822,40065,p50,jackson,OK
823,40067,p50,jefferson,OK
824,40069,p50,johnston,OK
825,40071,p50,kay,OK
826,40073,p50,kingfisher,OK
827,40075,p50,kiowa,OK
828,40077,p50,latimer,OK
829,40079,p50,le flore,OK
830,40081,p50,lincoln,OK
831,40083,p50,logan,OK
832,40085,p50,love,OK
833,40087,p50,mcclain,OK
834,40089,p50,mccurtain,OK
835,40091,p50,mcintosh,OK
836,40093,p50,major,OK
837,40095,p50,marshall,OK
838,40099,p50,murray,OK
839,40103,p50,noble,OK
840,40107,p50,okfuskee,OK
841,40109,p50,oklahoma,OK
842,40117,p50,pawnee,OK
843,40119,p50,payne,OK
844,40121,p50,pittsburg,OK
845,40123,p50,pontotoc,OK
846,40125,p50,pottawatomie,OK
847,40127,p50,pushmataha,OK
848,40129,p50,roger mills,OK
849,40133,p50,seminole,OK
850,40135,p50,sequoyah,OK
851,40137,p50,stephens,OK
852,40141,p50,tillman,OK
853,40149,p50,washita,OK
854,40151,p50,woods,OK
855,40153,p50,woodward,OK
856,40001,p51,adair,OK
857,40021,p51,cherokee,OK
858,40035,p51,craig,OK
859,40037,p51,creek,OK
860,40041,p51,delaware,OK
861,40097,p51,mayes,OK
862,40101,p51,muskogee,OK
863,40105,p51,nowata,OK
864,40111,p51,okmulgee,OK
865,40113,p51,osage,OK
866,40115,p51,ottawa,OK
867,40131,p51,rogers,OK
868,40143,p51,tulsa,OK
869,40145,p51,wagoner,OK
870,40147,p51,washington,OK
871,20023,p52,cheyenne,KS
872,20039,p52,decatur,KS
873,20055,p52,finney,KS
874,20063,p52,gove,KS
875,20065,p52,graham,KS
876,20067,p52,grant,KS
877,20071,p52,greeley,KS
878,20075,p52,hamilton,KS
879,20093,p52,kearny,KS
880,20101,p52,lane,KS
881,20109,p52,logan,KS
882,20129,p52,morton,KS
883,20137,p52,norton,KS
884,20153,p52,rawlins,KS
885,20171,p52,scott,KS
886,20179,p52,sheridan,KS
887,20181,p52,sherman,KS
888,20187,p52,stanton,KS
889,20189,p52,stevens,KS
890,20193,p52,thomas,KS
891,20195,p52,trego,KS
892,20199,p52,wallace,KS
893,20203,p52,wichita,KS
894,20001,p53,allen,KS
895,20003,p53,anderson,KS
896,20005,p53,atchison,KS
897,20007,p53,barber,KS
898,20009,p53,barton,KS
899,20011,p53,bourbon,KS
900,20013,p53,brown,KS
901,20015,p53,butler,KS
902,20017,p53,chase,KS
903,20019,p53,chautauqua,KS
904,20021,p53,cherokee,KS
905,20025,p53,clark,KS
906,20027,p53,clay,KS
907,20029,p53,cloud,KS
908,20031,p53,coffey,KS
909,20033,p53,comanche,KS
910,20035,p53,cowley,KS
911,20037,p53,crawford,KS
912,20041,p53,dickinson,KS
913,20043,p53,doniphan,KS
914,20045,p53,douglas,KS
915,20047,p53,edwards,KS
916,20049,p53,elk,KS
917,20051,p53,ellis,KS
918,20053,p53,ellsworth,KS
919,20057,p53,ford,KS
920,20059,p53,franklin,KS
921,20061,p53,geary,KS
922,20069,p53,gray,KS
923,20073,p53,greenwood,KS
924,20077,p53,harper,KS
925,20079,p53,harvey,KS
926,20081,p53,haskell,KS
927,20083,p53,hodgeman,KS
928,20085,p53,jackson,KS
929,20087,p53,jefferson,KS
930,20089,p53,jewell,KS
931,20091,p53,johnson,KS
932,20095,p53,kingman,KS
933,20097,p53,kiowa,KS
934,20099,p53,labette,KS
935,20103,p53,leavenworth,KS
936,20105,p53,lincoln,KS
937,20107,p53,linn,KS
938,20111,p53,lyon,KS
939,20113,p53,mcpherson,KS
940,20115,p53,marion,KS
941,20117,p53,marshall,KS
942,20119,p53,meade,KS
943,20121,p53,miami,KS
944,20123,p53,mitchell,KS
945,20125,p53,montgomery,KS
946,20127,p53,morris,KS
947,20131,p53,nemaha,KS
948,20133,p53,neosho,KS
949,20135,p53,ness,KS
950,20139,p53,osage,KS
951,20141,p53,osborne,KS
952,20143,p53,ottawa,KS
953,20145,p53,pawnee,KS
954,20147,p53,phillips,KS
955,20149,p53,pottawatomie,KS
956,20151,p53,pratt,KS
957,20155,p53,reno,KS
958,20157,p53,republic,KS
959,20159,p53,rice,KS
960,20161,p53,riley,KS
961,20163,p53,rooks,KS
962,20165,p53,rush,KS
963,20167,p53,russell,KS
964,20169,p53,saline,KS
965,20173,p53,sedgwick,KS
966,20175,p53,seward,KS
967,20177,p53,shawnee,KS
968,20183,p53,smith,KS
969,20185,p53,stafford,KS
970,20191,p53,sumner,KS
971,20197,p53,wabaunsee,KS
972,20201,p53,washington,KS
973,20205,p53,wilson,KS
974,20207,p53,woodson,KS
975,20209,p53,wyandotte,KS
976,29003,p54,andrew,MO
977,29005,p54,atchison,MO
978,29021,p54,buchanan,MO
979,29025,p54,caldwell,MO
980,29033,p54,carroll,MO
981,29037,p54,cass,MO
982,29041,p54,chariton,MO
983,29047,p54,clay,MO
984,29049,p54,clinton,MO
985,29061,p54,daviess,MO
986,29063,p54,dekalb,MO
987,29075,p54,gentry,MO
988,29079,p54,grundy,MO
989,29081,p54,harrison,MO
990,29087,p54,holt,MO
991,29095,p54,jackson,MO
992,29101,p54,johnson,MO
993,29107,p54,lafayette,MO
994,29115,p54,linn,MO
995,29117,p54,livingston,MO
996,29129,p54,mercer,MO
997,29147,p54,nodaway,MO
998,29159,p54,pettis,MO
999,29165,p54,platte,MO
1000,29171,p54,putnam,MO
1001,29177,p54,ray,MO
1002,29195,p54,saline,MO
1003,29211,p54,sullivan,MO
1004,29227,p54,worth,MO
1005,29009,p55,barry,MO
1006,29011,p55,barton,MO
1007,29013,p55,bates,MO
1008,29015,p55,benton,MO
1009,29039,p55,cedar,MO
1010,29043,p55,christian,MO
1011,29057,p55,dade,MO
1012,29067,p55,douglas,MO
1013,29077,p55,greene,MO
1014,29083,p55,henry,MO
1015,29085,p55,hickory,MO
1016,29097,p55,jasper,MO
1017,29109,p55,lawrence,MO
1018,29119,p55,mcdonald,MO
1019,29145,p55,newton,MO
1020,29153,p55,ozark,MO
1021,29167,p55,polk,MO
1022,29185,p55,st. clair,MO
1023,29209,p55,stone,MO
1024,29213,p55,taney,MO
1025,29217,p55,vernon,MO
1026,29225,p55,webster,MO
1027,5007,p56,benton,AR
1028,5009,p56,boone,AR
1029,5015,p56,carroll,AR
1030,5023,p56,cleburne,AR
1031,5033,p56,crawford,AR
1032,5047,p56,franklin,AR
1033,5061,p56,howard,AR
1034,5071,p56,johnson,AR
1035,5083,p56,logan,AR
1036,5087,p56,madison,AR
1037,5089,p56,marion,AR
1038,5097,p56,montgomery,AR
1039,5101,p56,newton,AR
1040,5109,p56,pike,AR
1041,5113,p56,polk,AR
1042,5127,p56,scott,AR
1043,5129,p56,searcy,AR
1044,5131,p56,sebastian,AR
1045,5141,p56,van buren,AR
1046,5143,p56,washington,AR
1047,48037,p57,bowie,TX
1048,48063,p57,camp,TX
1049,48067,p57,cass,TX
1050,48183,p57,gregg,TX
1051,48203,p57,harrison,TX
1052,48315,p57,marion,TX
1053,48343,p57,morris,TX
1054,48365,p57,panola,TX
1055,48449,p57,titus,TX
1056,48459,p57,upshur,TX
1057,22001,p58,acadia,LA
1058,22003,p58,allen,LA
1059,22005,p58,ascension,LA
1060,22007,p58,assumption,LA
1061,22009,p58,avoyelles,LA
1062,22011,p58,beauregard,LA
1063,22013,p58,bienville,LA
1064,22015,p58,bossier,LA
1065,22017,p58,caddo,LA
1066,22019,p58,calcasieu,LA
1067,22021,p58,caldwell,LA
1068,22023,p58,cameron,LA
1069,22025,p58,catahoula,LA
1070,22029,p58,concordia,LA
1071,22031,p58,de soto,LA
1072,22033,p58,east baton rouge,LA
1073,22037,p58,east feliciana,LA
1074,22039,p58,evangeline,LA
1075,22043,p58,grant,LA
1076,22045,p58,iberia,LA
1077,22047,p58,iberville,LA
1078,22049,p58,jackson,LA
1079,22051,p58,jefferson,LA
1080,22053,p58,jefferson davis,LA
1081,22055,p58,lafayette,LA
1082,22057,p58,lafourche,LA
1083,22059,p58,la salle,LA
1084,22063,p58,livingston,LA
1085,22069,p58,natchitoches,LA
1086,22071,p58,orleans,LA
1087,22075,p58,plaquemines,LA
1088,22077,p58,pointe coupee,LA
1089,22079,p58,rapides,LA
1090,22081,p58,red river,LA
1091,22085,p58,sabine,LA
1092,22087,p58,st. bernard,LA
1093,22089,p58,st. charles,LA
1094,22091,p58,st. helena,LA
1095,22093,p58,st. james,LA
1096,22095,p58,st. john the baptist,LA
1097,22097,p58,st. landry,LA
1098,22099,p58,st. martin,LA
1099,22101,p58,st. mary,LA
1100,22103,p58,st. tammany,LA
1101,22105,p58,tangipahoa,LA
1102,22109,p58,terrebonne,LA
1103,22113,p58,vermilion,LA
1104,22115,p58,vernon,LA
1105,22117,p58,washington,LA
1106,22119,p58,webster,LA
1107,22121,p58,west baton rouge,LA
1108,22125,p58,west feliciana,LA
1109,22127,p58,winn,LA
1110,48141,p59,el paso,TX
1111,48023,p60,baylor,TX
1112,48033,p60,borden,TX
1113,48045,p60,briscoe,TX
1114,48075,p60,childress,TX
1115,48101,p60,cottle,TX
1116,48107,p60,crosby,TX
1117,48115,p60,dawson,TX
1118,48125,p60,dickens,TX
1119,48151,p60,fisher,TX
1120,48155,p60,foard,TX
1121,48191,p60,hall,TX
1122,48197,p60,hardeman,TX
1123,48207,p60,haskell,TX
1124,48227,p60,howard,TX
1125,48253,p60,jones,TX
1126,48263,p60,kent,TX
1127,48269,p60,king,TX
1128,48275,p60,knox,TX
1129,48335,p60,mitchell,TX
1130,48345,p60,motley,TX
1131,48353,p60,nolan,TX
1132,48415,p60,scurry,TX
1133,48433,p60,stonewall,TX
1134,48487,p60,wilbarger,TX
1135,48043,p61,brewster,TX
1136,48059,p61,callahan,TX
1137,48081,p61,coke,TX
1138,48083,p61,coleman,TX
1139,48095,p61,concho,TX
1140,48105,p61,crockett,TX
1141,48109,p61,culberson,TX
1142,48229,p61,hudspeth,TX
1143,48235,p61,irion,TX
1144,48243,p61,jeff davis,TX
1145,48271,p61,kinney,TX
1146,48371,p61,pecos,TX
1147,48377,p61,presidio,TX
1148,48389,p61,reeves,TX
1149,48399,p61,runnels,TX
1150,48413,p61,schleicher,TX
1151,48431,p61,sterling,TX
1152,48435,p61,sutton,TX
1153,48441,p61,taylor,TX
1154,48443,p61,terrell,TX
1155,48451,p61,tom green,TX
1156,48465,p61,val verde,TX
1157,48003,p62,andrews,TX
1158,48103,p62,crane,TX
1159,48135,p62,ector,TX
1160,48173,p62,glasscock,TX
1161,48301,p62,loving,TX
1162,48317,p62,martin,TX
1163,48329,p62,midland,TX
1164,48383,p62,reagan,TX
1165,48461,p62,upton,TX
1166,48475,p62,ward,TX
1167,48495,p62,winkler,TX
1168,48001,p63,anderson,TX
1169,48005,p63,angelina,TX
1170,48009,p63,archer,TX
1171,48027,p63,bell,TX
1172,48035,p63,bosque,TX
1173,48049,p63,brown,TX
1174,48073,p63,cherokee,TX
1175,48077,p63,clay,TX
1176,48085,p63,collin,TX
1177,48093,p63,comanche,TX
1178,48097,p63,cooke,TX
1179,48099,p63,coryell,TX
1180,48113,p63,dallas,TX
1181,48119,p63,delta,TX
1182,48121,p63,denton,TX
1183,48133,p63,eastland,TX
1184,48139,p63,ellis,TX
1185,48143,p63,erath,TX
1186,48145,p63,falls,TX
1187,48147,p63,fannin,TX
1188,48159,p63,franklin,TX
1189,48161,p63,freestone,TX
1190,48181,p63,grayson,TX
1191,48193,p63,hamilton,TX
1192,48213,p63,henderson,TX
1193,48217,p63,hill,TX
1194,48221,p63,hood,TX
1195,48223,p63,hopkins,TX
1196,48225,p63,houston,TX
1197,48231,p63,hunt,TX
1198,48237,p63,jack,TX
1199,48251,p63,johnson,TX
1200,48257,p63,kaufman,TX
1201,48277,p63,lamar,TX
1202,48281,p63,lampasas,TX
1203,48289,p63,leon,TX
1204,48293,p63,limestone,TX
1205,48307,p63,mcculloch,TX
1206,48309,p63,mclennan,TX
1207,48313,p63,madison,TX
1208,48331,p63,milam,TX
1209,48333,p63,mills,TX
1210,48337,p63,montague,TX
1211,48349,p63,navarro,TX
1212,48363,p63,palo pinto,TX
1213,48367,p63,parker,TX
1214,48379,p63,rains,TX
1215,48387,p63,red river,TX
1216,48395,p63,robertson,TX
1217,48397,p63,rockwall,TX
1218,48401,p63,rusk,TX
1219,48411,p63,san saba,TX
1220,48417,p63,shackelford,TX
1221,48423,p63,smith,TX
1222,48425,p63,somervell,TX
1223,48429,p63,stephens,TX
1224,48439,p63,tarrant,TX
1225,48447,p63,throckmorton,TX
1226,48467,p63,van zandt,TX
1227,48485,p63,wichita,TX
1228,48497,p63,wise,TX
1229,48499,p63,wood,TX
1230,48503,p63,young,TX
1231,48015,p64,austin,TX
1232,48019,p64,bandera,TX
1233,48021,p64,bastrop,TX
1234,48031,p64,blanco,TX
1235,48041,p64,brazos,TX
1236,48051,p64,burleson,TX
1237,48053,p64,burnet,TX
1238,48055,p64,caldwell,TX
1239,48089,p64,colorado,TX
1240,48091,p64,comal,TX
1241,48123,p64,dewitt,TX
1242,48137,p64,edwards,TX
1243,48149,p64,fayette,TX
1244,48171,p64,gillespie,TX
1245,48177,p64,gonzales,TX
1246,48185,p64,grimes,TX
1247,48187,p64,guadalupe,TX
1248,48209,p64,hays,TX
1249,48259,p64,kendall,TX
1250,48265,p64,kerr,TX
1251,48267,p64,kimble,TX
1252,48285,p64,lavaca,TX
1253,48287,p64,lee,TX
1254,48299,p64,llano,TX
1255,48319,p64,mason,TX
1256,48327,p64,menard,TX
1257,48385,p64,real,TX
1258,48453,p64,travis,TX
1259,48471,p64,walker,TX
1260,48473,p64,waller,TX
1261,48477,p64,washington,TX
1262,48491,p64,williamson,TX
1263,48007,p65,aransas,TX
1264,48013,p65,atascosa,TX
1265,48025,p65,bee,TX
1266,48029,p65,bexar,TX
1267,48047,p65,brooks,TX
1268,48057,p65,calhoun,TX
1269,48061,p65,cameron,TX
1270,48127,p65,dimmit,TX
1271,48131,p65,duval,TX
1272,48163,p65,frio,TX
1273,48175,p65,goliad,TX
1274,48215,p65,hidalgo,TX
1275,48239,p65,jackson,TX
1276,48247,p65,jim hogg,TX
1277,48249,p65,jim wells,TX
1278,48255,p65,karnes,TX
1279,48261,p65,kenedy,TX
1280,48273,p65,kleberg,TX
1281,48283,p65,la salle,TX
1282,48297,p65,live oak,TX
1283,48311,p65,mcmullen,TX
1284,48321,p65,matagorda,TX
1285,48323,p65,maverick,TX
1286,48325,p65,medina,TX
1287,48355,p65,nueces,TX
1288,48391,p65,refugio,TX
1289,48409,p65,san patricio,TX
1290,48427,p65,starr,TX
1291,48463,p65,uvalde,TX
1292,48469,p65,victoria,TX
1293,48479,p65,webb,TX
1294,48481,p65,wharton,TX
1295,48489,p65,willacy,TX
1296,48493,p65,wilson,TX
1297,48505,p65,zapata,TX
1298,48507,p65,zavala,TX
1299,48071,p66,chambers,TX
1300,48199,p66,hardin,TX
1301,48241,p66,jasper,TX
1302,48245,p66,jefferson,TX
1303,48291,p66,liberty,TX
1304,48339,p66,montgomery,TX
1305,48347,p66,nacogdoches,TX
1306,48351,p66,newton,TX
1307,48361,p66,orange,TX
1308,48373,p66,polk,TX
1309,48403,p66,sabine,TX
1310,48405,p66,san augustine,TX
1311,48407,p66,san jacinto,TX
1312,48419,p66,shelby,TX
1313,48455,p66,trinity,TX
1314,48457,p66,tyler,TX
1315,48039,p67,brazoria,TX
1316,48157,p67,fort bend,TX
1317,48167,p67,galveston,TX
1318,48201,p67,harris,TX
1319,27013,p68,blue earth,MN
1320,27015,p68,brown,MN
1321,27033,p68,cottonwood,MN
1322,27043,p68,faribault,MN
1323,27045,p68,fillmore,MN
1324,27047,p68,freeborn,MN
1325,27055,p68,houston,MN
1326,27063,p68,jackson,MN
1327,27091,p68,martin,MN
1328,27099,p68,mower,MN
1329,27103,p68,nicollet,MN
1330,27161,p68,waseca,MN
1331,27165,p68,watonwan,MN
1332,19005,p69,allamakee,IA
1333,19013,p69,black hawk,IA
1334,19017,p69,bremer,IA
1335,19019,p69,buchanan,IA
1336,19023,p69,butler,IA
1337,19037,p69,chickasaw,IA
1338,19043,p69,clayton,IA
1339,19065,p69,fayette,IA
1340,19067,p69,floyd,IA
1341,19075,p69,grundy,IA
1342,19089,p69,howard,IA
1343,19131,p69,mitchell,IA
1344,19191,p69,winneshiek,IA
1345,19001,p70,adair,IA
1346,19003,p70,adams,IA
1347,19007,p70,appanoose,IA
1348,19011,p70,benton,IA
1349,19015,p70,boone,IA
1350,19029,p70,cass,IA
1351,19031,p70,cedar,IA
1352,19039,p70,clarke,IA
1353,19045,p70,clinton,IA
1354,19049,p70,dallas,IA
1355,19051,p70,davis,IA
1356,19053,p70,decatur,IA
1357,19055,p70,delaware,IA
1358,19057,p70,des moines,IA
1359,19061,p70,dubuque,IA
1360,19073,p70,greene,IA
1361,19077,p70,guthrie,IA
1362,19079,p70,hamilton,IA
1363,19083,p70,hardin,IA
1364,19087,p70,henry,IA
1365,19095,p70,iowa,IA
1366,19097,p70,jackson,IA
1367,19099,p70,jasper,IA
1368,19101,p70,jefferson,IA
1369,19103,p70,johnson,IA
1370,19105,p70,jones,IA
1371,19107,p70,keokuk,IA
1372,19111,p70,lee,IA
1373,19113,p70,linn,IA
1374,19115,p70,louisa,IA
1375,19117,p70,lucas,IA
1376,19121,p70,madison,IA
1377,19123,p70,mahaska,IA
1378,19125,p70,marion,IA
1379,19127,p70,marshall,IA
1380,19135,p70,monroe,IA
1381,19139,p70,muscatine,IA
1382,19153,p70,polk,IA
1383,19157,p70,poweshiek,IA
1384,19159,p70,ringgold,IA
1385,19163,p70,scott,IA
1386,19169,p70,story,IA
1387,19171,p70,tama,IA
1388,19175,p70,union,IA
1389,19177,p70,van buren,IA
1390,19179,p70,wapello,IA
1391,19181,p70,warren,IA
1392,19183,p70,washington,IA
1393,19185,p70,wayne,IA
1394,29001,p71,adair,MO
1395,29045,p71,clark,MO
1396,29103,p71,knox,MO
1397,29111,p71,lewis,MO
1398,29121,p71,macon,MO
1399,29127,p71,marion,MO
1400,29137,p71,monroe,MO
1401,29173,p71,ralls,MO
1402,29197,p71,schuyler,MO
1403,29199,p71,scotland,MO
1404,29205,p71,shelby,MO
1405,29007,p72,audrain,MO
1406,29019,p72,boone,MO
1407,29027,p72,callaway,MO
1408,29031,p72,cape girardeau,MO
1409,29051,p72,cole,MO
1410,29053,p72,cooper,MO
1411,29071,p72,franklin,MO
1412,29073,p72,gasconade,MO
1413,29089,p72,howard,MO
1414,29099,p72,jefferson,MO
1415,29113,p72,lincoln,MO
1416,29125,p72,maries,MO
1417,29131,p72,miller,MO
1418,29133,p72,mississippi,MO
1419,29135,p72,moniteau,MO
1420,29139,p72,montgomery,MO
1421,29141,p72,morgan,MO
1422,29151,p72,osage,MO
1423,29157,p72,perry,MO
1424,29163,p72,pike,MO
1425,29175,p72,randolph,MO
1426,29183,p72,st. charles,MO
1427,29186,p72,ste. genevieve,MO
1428,29187,p72,st. francois,MO
1429,29189,p72,st. louis,MO
1430,29201,p72,scott,MO
1431,29219,p72,warren,MO
1432,29510,p72,st. louis city,MO
1433,29017,p73,bollinger,MO
1434,29055,p73,crawford,MO
1435,29093,p73,iron,MO
1436,29123,p73,madison,MO
1437,29161,p73,phelps,MO
1438,29169,p73,pulaski,MO
1439,29179,p73,reynolds,MO
1440,29221,p73,washington,MO
1441,26003,p74,alger,MI
1442,26013,p74,baraga,MI
1443,26041,p74,delta,MI
1444,26043,p74,dickinson,MI
1445,26053,p74,gogebic,MI
1446,26061,p74,houghton,MI
1447,26071,p74,iron,MI
1448,26083,p74,keweenaw,MI
1449,26103,p74,marquette,MI
1450,26109,p74,menominee,MI
1451,26131,p74,ontonagon,MI
1452,55009,p75,brown,WI
1453,55029,p75,door,WI
1454,55037,p75,florence,WI
1455,55041,p75,forest,WI
1456,55061,p75,kewaunee,WI
1457,55067,p75,langlade,WI
1458,55069,p75,lincoln,WI
1459,55071,p75,manitowoc,WI
1460,55073,p75,marathon,WI
1461,55075,p75,marinette,WI
1462,55083,p75,oconto,WI
1463,55085,p75,oneida,WI
1464,55097,p75,portage,WI
1465,55125,p75,vilas,WI
1466,55001,p76,adams,WI
1467,55015,p76,calumet,WI
1468,55021,p76,columbia,WI
1469,55027,p76,dodge,WI
1470,55039,p76,fond du lac,WI
1471,55047,p76,green lake,WI
1472,55057,p76,juneau,WI
1473,55077,p76,marquette,WI
1474,55078,p76,menominee,WI
1475,55087,p76,outagamie,WI
1476,55115,p76,shawano,WI
1477,55135,p76,waupaca,WI
1478,55137,p76,waushara,WI
1479,55139,p76,winnebago,WI
1480,55141,p76,wood,WI
1481,55023,p77,crawford,WI
1482,55043,p77,grant,WI
1483,55049,p77,iowa,WI
1484,55053,p77,jackson,WI
1485,55065,p77,lafayette,WI
1486,55081,p77,monroe,WI
1487,55103,p77,richland,WI
1488,55111,p77,sauk,WI
1489,55123,p77,vernon,WI
1490,55025,p78,dane,WI
1491,55045,p78,green,WI
1492,55105,p78,rock,WI
1493,55055,p79,jefferson,WI
1494,55059,p79,kenosha,WI
1495,55079,p79,milwaukee,WI
1496,55089,p79,ozaukee,WI
1497,55101,p79,racine,WI
1498,55117,p79,sheboygan,WI
1499,55127,p79,walworth,WI
1500,55131,p79,washington,WI
1501,55133,p79,waukesha,WI
1502,17007,p80,boone,IL
1503,17015,p80,carroll,IL
1504,17031,p80,cook,IL
1505,17037,p80,dekalb,IL
1506,17043,p80,dupage,IL
1507,17063,p80,grundy,IL
1508,17085,p80,jo daviess,IL
1509,17089,p80,kane,IL
1510,17091,p80,kankakee,IL
1511,17093,p80,kendall,IL
1512,17097,p80,lake,IL
1513,17099,p80,la salle,IL
1514,17103,p80,lee,IL
1515,17105,p80,livingston,IL
1516,17111,p80,mchenry,IL
1517,17141,p80,ogle,IL
1518,17177,p80,stephenson,IL
1519,17195,p80,whiteside,IL
1520,17197,p80,will,IL
1521,17201,p80,winnebago,IL
1522,17001,p81,adams,IL
1523,17003,p81,alexander,IL
1524,17005,p81,bond,IL
1525,17009,p81,brown,IL
1526,17011,p81,bureau,IL
1527,17013,p81,calhoun,IL
1528,17017,p81,cass,IL
1529,17027,p81,clinton,IL
1530,17051,p81,fayette,IL
1531,17055,p81,franklin,IL
1532,17057,p81,fulton,IL
1533,17059,p81,gallatin,IL
1534,17061,p81,greene,IL
1535,17065,p81,hamilton,IL
1536,17067,p81,hancock,IL
1537,17069,p81,hardin,IL
1538,17071,p81,henderson,IL
1539,17073,p81,henry,IL
1540,17077,p81,jackson,IL
1541,17081,p81,jefferson,IL
1542,17083,p81,jersey,IL
1543,17087,p81,johnson,IL
1544,17095,p81,knox,IL
1545,17109,p81,mcdonough,IL
1546,17117,p81,macoupin,IL
1547,17119,p81,madison,IL
1548,17121,p81,marion,IL
1549,17125,p81,mason,IL
1550,17127,p81,massac,IL
1551,17129,p81,menard,IL
1552,17131,p81,mercer,IL
1553,17133,p81,monroe,IL
1554,17135,p81,montgomery,IL
1555,17137,p81,morgan,IL
1556,17145,p81,perry,IL
1557,17149,p81,pike,IL
1558,17151,p81,pope,IL
1559,17153,p81,pulaski,IL
1560,17155,p81,putnam,IL
1561,17157,p81,randolph,IL
1562,17161,p81,rock island,IL
1563,17163,p81,st. clair,IL
1564,17165,p81,saline,IL
1565,17169,p81,schuyler,IL
1566,17171,p81,scott,IL
1567,17175,p81,stark,IL
1568,17181,p81,union,IL
1569,17187,p81,warren,IL
1570,17189,p81,washington,IL
1571,17191,p81,wayne,IL
1572,17193,p81,white,IL
1573,17199,p81,williamson,IL
1574,17107,p82,logan,IL
1575,17123,p82,marshall,IL
1576,17143,p82,peoria,IL
1577,17167,p82,sangamon,IL
1578,17179,p82,tazewell,IL
1579,17203,p82,woodford,IL
1580,17019,p83,champaign,IL
1581,17021,p83,christian,IL
1582,17023,p83,clark,IL
1583,17025,p83,clay,IL
1584,17029,p83,coles,IL
1585,17033,p83,crawford,IL
1586,17035,p83,cumberland,IL
1587,17039,p83,de witt,IL
1588,17041,p83,douglas,IL
1589,17045,p83,edgar,IL
1590,17047,p83,edwards,IL
1591,17049,p83,effingham,IL
1592,17053,p83,ford,IL
1593,17075,p83,iroquois,IL
1594,17079,p83,jasper,IL
1595,17101,p83,lawrence,IL
1596,17113,p83,mclean,IL
1597,17115,p83,macon,IL
1598,17139,p83,moultrie,IL
1599,17147,p83,piatt,IL
1600,17159,p83,richland,IL
1601,17173,p83,shelby,IL
1602,17183,p83,vermilion,IL
1603,17185,p83,wabash,IL
1604,29023,p84,butler,MO
1605,29029,p84,camden,MO
1606,29035,p84,carter,MO
1607,29059,p84,dallas,MO
1608,29065,p84,dent,MO
1609,29069,p84,dunklin,MO
1610,29091,p84,howell,MO
1611,29105,p84,laclede,MO
1612,29143,p84,new madrid,MO
1613,29149,p84,oregon,MO
1614,29155,p84,pemiscot,MO
1615,29181,p84,ripley,MO
1616,29203,p84,shannon,MO
1617,29207,p84,stoddard,MO
1618,29215,p84,texas,MO
1619,29223,p84,wayne,MO
1620,29229,p84,wright,MO
1621,5001,p85,arkansas,AR
1622,5003,p85,ashley,AR
1623,5005,p85,baxter,AR
1624,5011,p85,bradley,AR
1625,5013,p85,calhoun,AR
1626,5017,p85,chicot,AR
1627,5019,p85,clark,AR
1628,5021,p85,clay,AR
1629,5025,p85,cleveland,AR
1630,5027,p85,columbia,AR
1631,5029,p85,conway,AR
1632,5031,p85,craighead,AR
1633,5035,p85,crittenden,AR
1634,5037,p85,cross,AR
1635,5039,p85,dallas,AR
1636,5041,p85,desha,AR
1637,5043,p85,drew,AR
1638,5045,p85,faulkner,AR
1639,5049,p85,fulton,AR
1640,5051,p85,garland,AR
1641,5053,p85,grant,AR
1642,5055,p85,greene,AR
1643,5057,p85,hempstead,AR
1644,5059,p85,hot spring,AR
1645,5063,p85,independence,AR
1646,5065,p85,izard,AR
1647,5067,p85,jackson,AR
1648,5069,p85,jefferson,AR
1649,5073,p85,lafayette,AR
1650,5075,p85,lawrence,AR
1651,5077,p85,lee,AR
1652,5079,p85,lincoln,AR
1653,5081,p85,little river,AR
1654,5085,p85,lonoke,AR
1655,5091,p85,miller,AR
1656,5093,p85,mississippi,AR
1657,5095,p85,monroe,AR
1658,5099,p85,nevada,AR
1659,5103,p85,ouachita,AR
1660,5105,p85,perry,AR
1661,5107,p85,phillips,AR
1662,5111,p85,poinsett,AR
1663,5115,p85,pope,AR
1664,5117,p85,prairie,AR
1665,5119,p85,pulaski,AR
1666,5121,p85,randolph,AR
1667,5123,p85,st. francis,AR
1668,5125,p85,saline,AR
1669,5133,p85,sevier,AR
1670,5135,p85,sharp,AR
1671,5137,p85,stone,AR
1672,5139,p85,union,AR
1673,5145,p85,white,AR
1674,5147,p85,woodruff,AR
1675,5149,p85,yell,AR
1676,22027,p86,claiborne,LA
1677,22035,p86,east carroll,LA
1678,22041,p86,franklin,LA
1679,22061,p86,lincoln,LA
1680,22065,p86,madison,LA
1681,22067,p86,morehouse,LA
1682,22073,p86,ouachita,LA
1683,22083,p86,richland,LA
1684,22107,p86,tensas,LA
1685,22111,p86,union,LA
1686,22123,p86,west carroll,LA
1687,28001,p87,adams,MS
1688,28005,p87,amite,MS
1689,28007,p87,attala,MS
1690,28011,p87,bolivar,MS
1691,28015,p87,carroll,MS
1692,28021,p87,claiborne,MS
1693,28023,p87,clarke,MS
1694,28027,p87,coahoma,MS
1695,28029,p87,copiah,MS
1696,28031,p87,covington,MS
1697,28033,p87,desoto,MS
1698,28035,p87,forrest,MS
1699,28037,p87,franklin,MS
1700,28039,p87,george,MS
1701,28041,p87,greene,MS
1702,28043,p87,grenada,MS
1703,28045,p87,hancock,MS
1704,28047,p87,harrison,MS
1705,28049,p87,hinds,MS
1706,28051,p87,holmes,MS
1707,28053,p87,humphreys,MS
1708,28055,p87,issaquena,MS
1709,28059,p87,jackson,MS
1710,28061,p87,jasper,MS
1711,28063,p87,jefferson,MS
1712,28065,p87,jefferson davis,MS
1713,28067,p87,jones,MS
1714,28073,p87,lamar,MS
1715,28075,p87,lauderdale,MS
1716,28077,p87,lawrence,MS
1717,28079,p87,leake,MS
1718,28083,p87,leflore,MS
1719,28085,p87,lincoln,MS
1720,28089,p87,madison,MS
1721,28091,p87,marion,MS
1722,28097,p87,montgomery,MS
1723,28101,p87,newton,MS
1724,28107,p87,panola,MS
1725,28109,p87,pearl river,MS
1726,28111,p87,perry,MS
1727,28113,p87,pike,MS
1728,28119,p87,quitman,MS
1729,28121,p87,rankin,MS
1730,28123,p87,scott,MS
1731,28125,p87,sharkey,MS
1732,28127,p87,simpson,MS
1733,28129,p87,smith,MS
1734,28131,p87,stone,MS
1735,28133,p87,sunflower,MS
1736,28135,p87,tallahatchie,MS
1737,28137,p87,tate,MS
1738,28143,p87,tunica,MS
1739,28147,p87,walthall,MS
1740,28149,p87,warren,MS
1741,28151,p87,washington,MS
1742,28153,p87,wayne,MS
1743,28157,p87,wilkinson,MS
1744,28163,p87,yazoo,MS
1745,28003,p88,alcorn,MS
1746,28009,p88,benton,MS
1747,28013,p88,calhoun,MS
1748,28017,p88,chickasaw,MS
1749,28019,p88,choctaw,MS
1750,28025,p88,clay,MS
1751,28057,p88,itawamba,MS
1752,28069,p88,kemper,MS
1753,28071,p88,lafayette,MS
1754,28081,p88,lee,MS
1755,28087,p88,lowndes,MS
1756,28093,p88,marshall,MS
1757,28095,p88,monroe,MS
1758,28099,p88,neshoba,MS
1759,28103,p88,noxubee,MS
1760,28105,p88,oktibbeha,MS
1761,28115,p88,pontotoc,MS
1762,28117,p88,prentiss,MS
1763,28139,p88,tippah,MS
1764,28141,p88,tishomingo,MS
1765,28145,p88,union,MS
1766,28155,p88,webster,MS
1767,28159,p88,winston,MS
1768,28161,p88,yalobusha,MS
1769,1007,p89,bibb,AL
1770,1023,p89,choctaw,AL
1771,1033,p89,colbert,AL
1772,1043,p89,cullman,AL
1773,1049,p89,dekalb,AL
1774,1057,p89,fayette,AL
1775,1059,p89,franklin,AL
1776,1063,p89,greene,AL
1777,1065,p89,hale,AL
1778,1071,p89,jackson,AL
1779,1073,p89,jefferson,AL
1780,1075,p89,lamar,AL
1781,1077,p89,lauderdale,AL
1782,1079,p89,lawrence,AL
1783,1083,p89,limestone,AL
1784,1089,p89,madison,AL
1785,1091,p89,marengo,AL
1786,1093,p89,marion,AL
1787,1095,p89,marshall,AL
1788,1103,p89,morgan,AL
1789,1105,p89,perry,AL
1790,1107,p89,pickens,AL
1791,1117,p89,shelby,AL
1792,1119,p89,sumter,AL
1793,1125,p89,tuscaloosa,AL
1794,1127,p89,walker,AL
1795,1131,p89,wilcox,AL
1796,1133,p89,winston,AL
1797,1001,p90,autauga,AL
1798,1003,p90,baldwin,AL
1799,1005,p90,barbour,AL
1800,1009,p90,blount,AL
1801,1011,p90,bullock,AL
1802,1013,p90,butler,AL
1803,1015,p90,calhoun,AL
1804,1017,p90,chambers,AL
1805,1019,p90,cherokee,AL
1806,1021,p90,chilton,AL
1807,1025,p90,clarke,AL
1808,1027,p90,clay,AL
1809,1029,p90,cleburne,AL
1810,1031,p90,coffee,AL
1811,1035,p90,conecuh,AL
1812,1037,p90,coosa,AL
1813,1039,p90,covington,AL
1814,1041,p90,crenshaw,AL
1815,1045,p90,dale,AL
1816,1047,p90,dallas,AL
1817,1051,p90,elmore,AL
1818,1053,p90,escambia,AL
1819,1055,p90,etowah,AL
1820,1061,p90,geneva,AL
1821,1067,p90,henry,AL
1822,1069,p90,houston,AL
1823,1081,p90,lee,AL
1824,1085,p90,lowndes,AL
1825,1087,p90,macon,AL
1826,1097,p90,mobile,AL
1827,1099,p90,monroe,AL
1828,1101,p90,montgomery,AL
1829,1109,p90,pike,AL
1830,1111,p90,randolph,AL
1831,1113,p90,russell,AL
1832,1115,p90,st. clair,AL
1833,1121,p90,talladega,AL
1834,1123,p90,tallapoosa,AL
1835,1129,p90,washington,AL
1836,12005,p91,bay,FL
1837,12013,p91,calhoun,FL
1838,12033,p91,escambia,FL
1839,12045,p91,gulf,FL
1840,12059,p91,holmes,FL
1841,12063,p91,jackson,FL
1842,12091,p91,okaloosa,FL
1843,12113,p91,santa rosa,FL
1844,12131,p91,walton,FL
1845,12133,p91,washington,FL
1846,47001,p92,anderson,TN
1847,47003,p92,bedford,TN
1848,47005,p92,benton,TN
1849,47007,p92,bledsoe,TN
1850,47009,p92,blount,TN
1851,47011,p92,bradley,TN
1852,47013,p92,campbell,TN
1853,47015,p92,cannon,TN
1854,47017,p92,carroll,TN
1855,47019,p92,carter,TN
1856,47021,p92,cheatham,TN
1857,47023,p92,chester,TN
1858,47025,p92,claiborne,TN
1859,47027,p92,clay,TN
1860,47029,p92,cocke,TN
1861,47031,p92,coffee,TN
1862,47033,p92,crockett,TN
1863,47035,p92,cumberland,TN
1864,47037,p92,davidson,TN
1865,47039,p92,decatur,TN
1866,47041,p92,dekalb,TN
1867,47043,p92,dickson,TN
1868,47045,p92,dyer,TN
1869,47047,p92,fayette,TN
1870,47049,p92,fentress,TN
1871,47051,p92,franklin,TN
1872,47053,p92,gibson,TN
1873,47055,p92,giles,TN
1874,47057,p92,grainger,TN
1875,47059,p92,greene,TN
1876,47061,p92,grundy,TN
1877,47063,p92,hamblen,TN
1878,47065,p92,hamilton,TN
1879,47067,p92,hancock,TN
1880,47069,p92,hardeman,TN
1881,47071,p92,hardin,TN
1882,47073,p92,hawkins,TN
1883,47075,p92,haywood,TN
1884,47077,p92,henderson,TN
1885,47079,p92,henry,TN
1886,47081,p92,hickman,TN
1887,47083,p92,houston,TN
1888,47085,p92,humphreys,TN
1889,47087,p92,jackson,TN
1890,47089,p92,jefferson,TN
1891,47091,p92,johnson,TN
1892,47093,p92,knox,TN
1893,47095,p92,lake,TN
1894,47097,p92,lauderdale,TN
1895,47099,p92,lawrence,TN
1896,47101,p92,lewis,TN
1897,47103,p92,lincoln,TN
1898,47105,p92,loudon,TN
1899,47107,p92,mcminn,TN
1900,47109,p92,mcnairy,TN
1901,47111,p92,macon,TN
1902,47113,p92,madison,TN
1903,47115,p92,marion,TN
1904,47117,p92,marshall,TN
1905,47119,p92,maury,TN
1906,47121,p92,meigs,TN
1907,47123,p92,monroe,TN
1908,47125,p92,montgomery,TN
1909,47127,p92,moore,TN
1910,47129,p92,morgan,TN
1911,47131,p92,obion,TN
1912,47133,p92,overton,TN
1913,47135,p92,perry,TN
1914,47137,p92,pickett,TN
1915,47139,p92,polk,TN
1916,47141,p92,putnam,TN
1917,47143,p92,rhea,TN
1918,47145,p92,roane,TN
1919,47147,p92,robertson,TN
1920,47149,p92,rutherford,TN
1921,47151,p92,scott,TN
1922,47153,p92,sequatchie,TN
1923,47155,p92,sevier,TN
1924,47157,p92,shelby,TN
1925,47159,p92,smith,TN
1926,47161,p92,stewart,TN
1927,47163,p92,sullivan,TN
1928,47165,p92,sumner,TN
1929,47167,p92,tipton,TN
1930,47169,p92,trousdale,TN
1931,47171,p92,unicoi,TN
1932,47173,p92,union,TN
1933,47175,p92,van buren,TN
1934,47177,p92,warren,TN
1935,47179,p92,washington,TN
1936,47181,p92,wayne,TN
1937,47183,p92,weakley,TN
1938,47185,p92,white,TN
1939,47187,p92,williamson,TN
1940,47189,p92,wilson,TN
1941,21003,p93,allen,KY
1942,21007,p93,ballard,KY
1943,21031,p93,butler,KY
1944,21035,p93,calloway,KY
1945,21039,p93,carlisle,KY
1946,21047,p93,christian,KY
1947,21053,p93,clinton,KY
1948,21057,p93,cumberland,KY
1949,21075,p93,fulton,KY
1950,21083,p93,graves,KY
1951,21105,p93,hickman,KY
1952,21139,p93,livingston,KY
1953,21141,p93,logan,KY
1954,21143,p93,lyon,KY
1955,21145,p93,mccracken,KY
1956,21147,p93,mccreary,KY
1957,21157,p93,marshall,KY
1958,21169,p93,metcalfe,KY
1959,21171,p93,monroe,KY
1960,21199,p93,pulaski,KY
1961,21207,p93,russell,KY
1962,21213,p93,simpson,KY
1963,21219,p93,todd,KY
1964,21221,p93,trigg,KY
1965,21227,p93,warren,KY
1966,21231,p93,wayne,KY
1967,13001,p94,appling,GA
1968,13003,p94,atkinson,GA
1969,13005,p94,bacon,GA
1970,13007,p94,baker,GA
1971,13009,p94,baldwin,GA
1972,13011,p94,banks,GA
1973,13013,p94,barrow,GA
1974,13015,p94,bartow,GA
1975,13017,p94,ben hill,GA
1976,13019,p94,berrien,GA
1977,13021,p94,bibb,GA
1978,13023,p94,bleckley,GA
1979,13025,p94,brantley,GA
1980,13027,p94,brooks,GA
1981,13029,p94,bryan,GA
1982,13031,p94,bulloch,GA
1983,13033,p94,burke,GA
1984,13035,p94,butts,GA
1985,13037,p94,calhoun,GA
1986,13039,p94,camden,GA
1987,13043,p94,candler,GA
1988,13045,p94,carroll,GA
1989,13047,p94,catoosa,GA
1990,13049,p94,charlton,GA
1991,13051,p94,chatham,GA
1992,13053,p94,chattahoochee,GA
1993,13055,p94,chattooga,GA
1994,13057,p94,cherokee,GA
1995,13059,p94,clarke,GA
1996,13061,p94,clay,GA
1997,13063,p94,clayton,GA
1998,13065,p94,clinch,GA
1999,13067,p94,cobb,GA
2000,13069,p94,coffee,GA
2001,13071,p94,colquitt,GA
2002,13073,p94,columbia,GA
2003,13075,p94,cook,GA
2004,13077,p94,coweta,GA
2005,13079,p94,crawford,GA
2006,13081,p94,crisp,GA
2007,13083,p94,dade,GA
2008,13085,p94,dawson,GA
2009,13087,p94,decatur,GA
2010,13089,p94,dekalb,GA
2011,13091,p94,dodge,GA
2012,13093,p94,dooly,GA
2013,13095,p94,dougherty,GA
2014,13097,p94,douglas,GA
2015,13099,p94,early,GA
2016,13101,p94,echols,GA
2017,13103,p94,effingham,GA
2018,13105,p94,elbert,GA
2019,13107,p94,emanuel,GA
2020,13109,p94,evans,GA
2021,13111,p94,fannin,GA
2022,13113,p94,fayette,GA
2023,13115,p94,floyd,GA
2024,13117,p94,forsyth,GA
2025,13119,p94,franklin,GA
2026,13121,p94,fulton,GA
2027,13123,p94,gilmer,GA
2028,13125,p94,glascock,GA
2029,13127,p94,glynn,GA
2030,13129,p94,gordon,GA
2031,13131,p94,grady,GA
2032,13133,p94,greene,GA
2033,13135,p94,gwinnett,GA
2034,13137,p94,habersham,GA
2035,13139,p94,hall,GA
2036,13141,p94,hancock,GA
2037,13143,p94,haralson,GA
2038,13145,p94,harris,GA
2039,13147,p94,hart,GA
2040,13149,p94,heard,GA
2041,13151,p94,henry,GA
2042,13153,p94,houston,GA
2043,13155,p94,irwin,GA
2044,13157,p94,jackson,GA
2045,13159,p94,jasper,GA
2046,13161,p94,jeff davis,GA
2047,13163,p94,jefferson,GA
2048,13165,p94,jenkins,GA
2049,13167,p94,johnson,GA
2050,13169,p94,jones,GA
2051,13171,p94,lamar,GA
2052,13173,p94,lanier,GA
2053,13175,p94,laurens,GA
2054,13177,p94,lee,GA
2055,13179,p94,liberty,GA
2056,13181,p94,lincoln,GA
2057,13183,p94,long,GA
2058,13185,p94,lowndes,GA
2059,13187,p94,lumpkin,GA
2060,13189,p94,mcduffie,GA
2061,13191,p94,mcintosh,GA
2062,13193,p94,macon,GA
2063,13195,p94,madison,GA
2064,13197,p94,marion,GA
2065,13199,p94,meriwether,GA
2066,13201,p94,miller,GA
2067,13205,p94,mitchell,GA
2068,13207,p94,monroe,GA
2069,13209,p94,montgomery,GA
2070,13211,p94,morgan,GA
2071,13213,p94,murray,GA
2072,13215,p94,muscogee,GA
2073,13217,p94,newton,GA
2074,13219,p94,oconee,GA
2075,13221,p94,oglethorpe,GA
2076,13223,p94,paulding,GA
2077,13225,p94,peach,GA
2078,13227,p94,pickens,GA
2079,13229,p94,pierce,GA
2080,13231,p94,pike,GA
2081,13233,p94,polk,GA
2082,13235,p94,pulaski,GA
2083,13237,p94,putnam,GA
2084,13239,p94,quitman,GA
2085,13241,p94,rabun,GA
2086,13243,p94,randolph,GA
2087,13245,p94,richmond,GA
2088,13247,p94,rockdale,GA
2089,13249,p94,schley,GA
2090,13251,p94,screven,GA
2091,13253,p94,seminole,GA
2092,13255,p94,spalding,GA
2093,13257,p94,stephens,GA
2094,13259,p94,stewart,GA
2095,13261,p94,sumter,GA
2096,13263,p94,talbot,GA
2097,13265,p94,taliaferro,GA
2098,13267,p94,tattnall,GA
2099,13269,p94,taylor,GA
2100,13271,p94,telfair,GA
2101,13273,p94,terrell,GA
2102,13275,p94,thomas,GA
2103,13277,p94,tift,GA
2104,13279,p94,toombs,GA
2105,13281,p94,towns,GA
2106,13283,p94,treutlen,GA
2107,13285,p94,troup,GA
2108,13287,p94,turner,GA
2109,13289,p94,twiggs,GA
2110,13291,p94,union,GA
2111,13293,p94,upson,GA
2112,13295,p94,walker,GA
2113,13297,p94,walton,GA
2114,13299,p94,ware,GA
2115,13301,p94,warren,GA
2116,13303,p94,washington,GA
2117,13305,p94,wayne,GA
2118,13307,p94,webster,GA
2119,13309,p94,wheeler,GA
2120,13311,p94,white,GA
2121,13313,p94,whitfield,GA
2122,13315,p94,wilcox,GA
2123,13317,p94,wilkes,GA
2124,13319,p94,wilkinson,GA
2125,13321,p94,worth,GA
2126,45001,p95,abbeville,SC
2127,45007,p95,anderson,SC
2128,45021,p95,cherokee,SC
2129,45023,p95,chester,SC
2130,45045,p95,greenville,SC
2131,45047,p95,greenwood,SC
2132,45057,p95,lancaster,SC
2133,45059,p95,laurens,SC
2134,45073,p95,oconee,SC
2135,45077,p95,pickens,SC
2136,45083,p95,spartanburg,SC
2137,45087,p95,union,SC
2138,45091,p95,york,SC
2139,45003,p96,aiken,SC
2140,45005,p96,allendale,SC
2141,45009,p96,bamberg,SC
2142,45011,p96,barnwell,SC
2143,45013,p96,beaufort,SC
2144,45015,p96,berkeley,SC
2145,45017,p96,calhoun,SC
2146,45019,p96,charleston,SC
2147,45025,p96,chesterfield,SC
2148,45027,p96,clarendon,SC
2149,45029,p96,colleton,SC
2150,45031,p96,darlington,SC
2151,45033,p96,dillon,SC
2152,45035,p96,dorchester,SC
2153,45037,p96,edgefield,SC
2154,45039,p96,fairfield,SC
2155,45041,p96,florence,SC
2156,45043,p96,georgetown,SC
2157,45049,p96,hampton,SC
2158,45051,p96,horry,SC
2159,45053,p96,jasper,SC
2160,45055,p96,kershaw,SC
2161,45061,p96,lee,SC
2162,45063,p96,lexington,SC
2163,45065,p96,mccormick,SC
2164,45067,p96,marion,SC
2165,45069,p96,marlboro,SC
2166,45071,p96,newberry,SC
2167,45075,p96,orangeburg,SC
2168,45079,p96,richland,SC
2169,45081,p96,saluda,SC
2170,45085,p96,sumter,SC
2171,45089,p96,williamsburg,SC
2172,37003,p97,alexander,NC
2173,37005,p97,alleghany,NC
2174,37007,p97,anson,NC
2175,37009,p97,ashe,NC
2176,37011,p97,avery,NC
2177,37021,p97,buncombe,NC
2178,37023,p97,burke,NC
2179,37025,p97,cabarrus,NC
2180,37027,p97,caldwell,NC
2181,37035,p97,catawba,NC
2182,37039,p97,cherokee,NC
2183,37043,p97,clay,NC
2184,37045,p97,cleveland,NC
2185,37057,p97,davidson,NC
2186,37059,p97,davie,NC
2187,37067,p97,forsyth,NC
2188,37071,p97,gaston,NC
2189,37075,p97,graham,NC
2190,37081,p97,guilford,NC
2191,37087,p97,haywood,NC
2192,37089,p97,henderson,NC
2193,37097,p97,iredell,NC
2194,37099,p97,jackson,NC
2195,37109,p97,lincoln,NC
2196,37111,p97,mcdowell,NC
2197,37113,p97,macon,NC
2198,37115,p97,madison,NC
2199,37119,p97,mecklenburg,NC
2200,37121,p97,mitchell,NC
2201,37149,p97,polk,NC
2202,37151,p97,randolph,NC
2203,37157,p97,rockingham,NC
2204,37159,p97,rowan,NC
2205,37161,p97,rutherford,NC
2206,37167,p97,stanly,NC
2207,37169,p97,stokes,NC
2208,37171,p97,surry,NC
2209,37173,p97,swain,NC
2210,37175,p97,transylvania,NC
2211,37179,p97,union,NC
2212,37189,p97,watauga,NC
2213,37193,p97,wilkes,NC
2214,37197,p97,yadkin,NC
2215,37199,p97,yancey,NC
2216,37001,p98,alamance,NC
2217,37013,p98,beaufort,NC
2218,37015,p98,bertie,NC
2219,37017,p98,bladen,NC
2220,37019,p98,brunswick,NC
2221,37029,p98,camden,NC
2222,37031,p98,carteret,NC
2223,37033,p98,caswell,NC
2224,37037,p98,chatham,NC
2225,37041,p98,chowan,NC
2226,37047,p98,columbus,NC
2227,37049,p98,craven,NC
2228,37051,p98,cumberland,NC
2229,37053,p98,currituck,NC
2230,37055,p98,dare,NC
2231,37061,p98,duplin,NC
2232,37063,p98,durham,NC
2233,37065,p98,edgecombe,NC
2234,37069,p98,franklin,NC
2235,37073,p98,gates,NC
2236,37077,p98,granville,NC
2237,37079,p98,greene,NC
2238,37083,p98,halifax,NC
2239,37085,p98,harnett,NC
2240,37091,p98,hertford,NC
2241,37093,p98,hoke,NC
2242,37095,p98,hyde,NC
2243,37101,p98,johnston,NC
2244,37103,p98,jones,NC
2245,37105,p98,lee,NC
2246,37107,p98,lenoir,NC
2247,37117,p98,martin,NC
2248,37123,p98,montgomery,NC
2249,37125,p98,moore,NC
2250,37127,p98,nash,NC
2251,37129,p98,new hanover,NC
2252,37131,p98,northampton,NC
2253,37133,p98,onslow,NC
2254,37135,p98,orange,NC
2255,37137,p98,pamlico,NC
2256,37139,p98,pasquotank,NC
2257,37141,p98,pender,NC
2258,37143,p98,perquimans,NC
2259,37145,p98,person,NC
2260,37147,p98,pitt,NC
2261,37153,p98,richmond,NC
2262,37155,p98,robeson,NC
2263,37163,p98,sampson,NC
2264,37165,p98,scotland,NC
2265,37177,p98,tyrrell,NC
2266,37181,p98,vance,NC
2267,37183,p98,wake,NC
2268,37185,p98,warren,NC
2269,37187,p98,washington,NC
2270,37191,p98,wayne,NC
2271,37195,p98,wilson,NC
2272,51003,p99,albemarle,VA
2273,51005,p99,alleghany,VA
2274,51007,p99,amelia,VA
2275,51011,p99,appomattox,VA
2276,51013,p99,arlington,VA
2277,51015,p99,augusta,VA
2278,51017,p99,bath,VA
2279,51025,p99,brunswick,VA
2280,51029,p99,buckingham,VA
2281,51031,p99,campbell,VA
2282,51033,p99,caroline,VA
2283,51036,p99,charles city,VA
2284,51037,p99,charlotte,VA
2285,51041,p99,chesterfield,VA
2286,51047,p99,culpeper,VA
2287,51049,p99,cumberland,VA
2288,51053,p99,dinwiddie,VA
2289,51057,p99,essex,VA
2290,51059,p99,fairfax,VA
2291,51061,p99,fauquier,VA
2292,51065,p99,fluvanna,VA
2293,51073,p99,gloucester,VA
2294,51075,p99,goochland,VA
2295,51081,p99,greensville,VA
2296,51083,p99,halifax,VA
2297,51085,p99,hanover,VA
2298,51087,p99,henrico,VA
2299,51091,p99,highland,VA
2300,51093,p99,isle of wight,VA
2301,51095,p99,james city,VA
2302,51097,p99,king and queen,VA
2303,51099,p99,king george,VA
2304,51101,p99,king william,VA
2305,51103,p99,lancaster,VA
2306,51107,p99,loudoun,VA
2307,51109,p99,louisa,VA
2308,51111,p99,lunenburg,VA
2309,51115,p99,mathews,VA
2310,51117,p99,mecklenburg,VA
2311,51119,p99,middlesex,VA
2312,51127,p99,new kent,VA
2313,51133,p99,northumberland,VA
2314,51135,p99,nottoway,VA
2315,51137,p99,orange,VA
2316,51143,p99,pittsylvania,VA
2317,51145,p99,powhatan,VA
2318,51147,p99,prince edward,VA
2319,51149,p99,prince george,VA
2320,51153,p99,prince william,VA
2321,51159,p99,richmond,VA
2322,51163,p99,rockbridge,VA
2323,51165,p99,rockingham,VA
2324,51171,p99,shenandoah,VA
2325,51175,p99,southampton,VA
2326,51177,p99,spotsylvania,VA
2327,51179,p99,stafford,VA
2328,51181,p99,surry,VA
2329,51183,p99,sussex,VA
2330,51193,p99,westmoreland,VA
2331,51199,p99,york,VA
2332,51510,p99,alexandria,VA
2333,51530,p99,buena vista,VA
2334,51540,p99,charlottesville,VA
2335,51550,p99,chesapeake,VA
2336,51570,p99,colonial heights,VA
2337,51580,p99,covington,VA
2338,51590,p99,danville,VA
2339,51595,p99,emporia,VA
2340,51600,p99,fairfax city,VA
2341,51610,p99,falls church,VA
2342,51620,p99,franklin city,VA
2343,51630,p99,fredericksburg,VA
2344,51650,p99,hampton,VA
2345,51660,p99,harrisonburg,VA
2346,51670,p99,hopewell,VA
2347,51678,p99,lexington,VA
2348,51683,p99,manassas,VA
2349,51685,p99,manassas park,VA
2350,51700,p99,newport news,VA
2351,51710,p99,norfolk,VA
2352,51730,p99,petersburg,VA
2353,51735,p99,poquoson,VA
2354,51740,p99,portsmouth,VA
2355,51760,p99,richmond city,VA
2356,51790,p99,staunton,VA
2357,51800,p99,suffolk,VA
2358,51810,p99,virginia beach,VA
2359,51820,p99,waynesboro,VA
2360,51830,p99,williamsburg,VA
2361,51043,p100,clarke,VA
2362,51069,p100,frederick,VA
2363,51079,p100,greene,VA
2364,51113,p100,madison,VA
2365,51139,p100,page,VA
2366,51157,p100,rappahannock,VA
2367,51187,p100,warren,VA
2368,51840,p100,winchester,VA
2369,12001,p101,alachua,FL
2370,12003,p101,baker,FL
2371,12007,p101,bradford,FL
2372,12015,p101,charlotte,FL
2373,12017,p101,citrus,FL
2374,12019,p101,clay,FL
2375,12021,p101,collier,FL
2376,12023,p101,columbia,FL
2377,12027,p101,desoto,FL
2378,12029,p101,dixie,FL
2379,12031,p101,duval,FL
2380,12035,p101,flagler,FL
2381,12037,p101,franklin,FL
2382,12039,p101,gadsden,FL
2383,12041,p101,gilchrist,FL
2384,12043,p101,glades,FL
2385,12047,p101,hamilton,FL
2386,12049,p101,hardee,FL
2387,12051,p101,hendry,FL
2388,12053,p101,hernando,FL
2389,12055,p101,highlands,FL
2390,12057,p101,hillsborough,FL
2391,12065,p101,jefferson,FL
2392,12067,p101,lafayette,FL
2393,12069,p101,lake,FL
2394,12071,p101,lee,FL
2395,12073,p101,leon,FL
2396,12075,p101,levy,FL
2397,12077,p101,liberty,FL
2398,12079,p101,madison,FL
2399,12081,p101,manatee,FL
2400,12083,p101,marion,FL
2401,12087,p101,monroe,FL
2402,12089,p101,nassau,FL
2403,12093,p101,okeechobee,FL
2404,12095,p101,orange,FL
2405,12097,p101,osceola,FL
2406,12101,p101,pasco,FL
2407,12103,p101,pinellas,FL
2408,12105,p101,polk,FL
2409,12107,p101,putnam,FL
2410,12109,p101,st. johns,FL
2411,12115,p101,sarasota,FL
2412,12117,p101,seminole,FL
2413,12119,p101,sumter,FL
2414,12121,p101,suwannee,FL
2415,12123,p101,taylor,FL
2416,12125,p101,union,FL
2417,12127,p101,volusia,FL
2418,12129,p101,wakulla,FL
2419,12009,p102,brevard,FL
2420,12011,p102,broward,FL
2421,12061,p102,indian river,FL
2422,12085,p102,martin,FL
2423,12086,p102,miami-dade,FL
2424,12099,p102,palm beach,FL
2425,12111,p102,st. lucie,FL
2426,26001,p103,alcona,MI
2427,26005,p103,allegan,MI
2428,26007,p103,alpena,MI
2429,26009,p103,antrim,MI
2430,26011,p103,arenac,MI
2431,26015,p103,barry,MI
2432,26017,p103,bay,MI
2433,26019,p103,benzie,MI
2434,26023,p103,branch,MI
2435,26025,p103,calhoun,MI
2436,26029,p103,charlevoix,MI
2437,26031,p103,cheboygan,MI
2438,26033,p103,chippewa,MI
2439,26035,p103,clare,MI
2440,26037,p103,clinton,MI
2441,26039,p103,crawford,MI
2442,26045,p103,eaton,MI
2443,26047,p103,emmet,MI
2444,26049,p103,genesee,MI
2445,26051,p103,gladwin,MI
2446,26055,p103,grand traverse,MI
2447,26057,p103,gratiot,MI
2448,26059,p103,hillsdale,MI
2449,26063,p103,huron,MI
2450,26065,p103,ingham,MI
2451,26067,p103,ionia,MI
2452,26069,p103,iosco,MI
2453,26073,p103,isabella,MI
2454,26075,p103,jackson,MI
2455,26079,p103,kalkaska,MI
2456,26081,p103,kent,MI
2457,26085,p103,lake,MI
2458,26087,p103,lapeer,MI
2459,26089,p103,leelanau,MI
2460,26091,p103,lenawee,MI
2461,26093,p103,livingston,MI
2462,26095,p103,luce,MI
2463,26097,p103,mackinac,MI
2464,26099,p103,macomb,MI
2465,26101,p103,manistee,MI
2466,26105,p103,mason,MI
2467,26107,p103,mecosta,MI
2468,26111,p103,midland,MI
2469,26113,p103,missaukee,MI
2470,26115,p103,monroe,MI
2471,26117,p103,montcalm,MI
2472,26119,p103,montmorency,MI
2473,26121,p103,muskegon,MI
2474,26123,p103,newaygo,MI
2475,26125,p103,oakland,MI
2476,26127,p103,oceana,MI
2477,26129,p103,ogemaw,MI
2478,26133,p103,osceola,MI
2479,26135,p103,oscoda,MI
2480,26137,p103,otsego,MI
2481,26139,p103,ottawa,MI
2482,26141,p103,presque isle,MI
2483,26143,p103,roscommon,MI
2484,26145,p103,saginaw,MI
2485,26147,p103,st. clair,MI
2486,26151,p103,sanilac,MI
2487,26153,p103,schoolcraft,MI
2488,26155,p103,shiawassee,MI
2489,26157,p103,tuscola,MI
2490,26161,p103,washtenaw,MI
2491,26163,p103,wayne,MI
2492,26165,p103,wexford,MI
2493,26021,p104,berrien,MI
2494,26027,p104,cass,MI
2495,26077,p104,kalamazoo,MI
2496,26149,p104,st. joseph,MI
2497,26159,p104,van buren,MI
2498,18001,p105,adams,IN
2499,18003,p105,allen,IN
2500,18007,p105,benton,IN
2501,18009,p105,blackford,IN
2502,18011,p105,boone,IN
2503,18015,p105,carroll,IN
2504,18017,p105,cass,IN
2505,18023,p105,clinton,IN
2506,18033,p105,dekalb,IN
2507,18035,p105,delaware,IN
2508,18039,p105,elkhart,IN
2509,18045,p105,fountain,IN
2510,18049,p105,fulton,IN
2511,18053,p105,grant,IN
2512,18059,p105,hancock,IN
2513,18063,p105,hendricks,IN
2514,18067,p105,howard,IN
2515,18069,p105,huntington,IN
2516,18073,p105,jasper,IN
2517,18075,p105,jay,IN
2518,18085,p105,kosciusko,IN
2519,18087,p105,lagrange,IN
2520,18089,p105,lake,IN
2521,18091,p105,laporte,IN
2522,18095,p105,madison,IN
2523,18099,p105,marshall,IN
2524,18103,p105,miami,IN
2525,18107,p105,montgomery,IN
2526,18111,p105,newton,IN
2527,18113,p105,noble,IN
2528,18121,p105,parke,IN
2529,18127,p105,porter,IN
2530,18131,p105,pulaski,IN
2531,18133,p105,putnam,IN
2532,18135,p105,randolph,IN
2533,18141,p105,st. joseph,IN
2534,18149,p105,starke,IN
2535,18151,p105,steuben,IN
2536,18157,p105,tippecanoe,IN
2537,18159,p105,tipton,IN
2538,18165,p105,vermillion,IN
2539,18167,p105,vigo,IN
2540,18169,p105,wabash,IN
2541,18171,p105,warren,IN
2542,18179,p105,wells,IN
2543,18181,p105,white,IN
2544,18183,p105,whitley,IN
2545,18057,p106,hamilton,IN
2546,18097,p106,marion,IN
2547,18005,p107,bartholomew,IN
2548,18013,p107,brown,IN
2549,18019,p107,clark,IN
2550,18021,p107,clay,IN
2551,18025,p107,crawford,IN
2552,18027,p107,daviess,IN
2553,18029,p107,dearborn,IN
2554,18031,p107,decatur,IN
2555,18037,p107,dubois,IN
2556,18041,p107,fayette,IN
2557,18043,p107,floyd,IN
2558,18047,p107,franklin,IN
2559,18051,p107,gibson,IN
2560,18055,p107,greene,IN
2561,18061,p107,harrison,IN
2562,18065,p107,henry,IN
2563,18071,p107,jackson,IN
2564,18077,p107,jefferson,IN
2565,18079,p107,jennings,IN
2566,18081,p107,johnson,IN
2567,18083,p107,knox,IN
2568,18093,p107,lawrence,IN
2569,18101,p107,martin,IN
2570,18105,p107,monroe,IN
2571,18109,p107,morgan,IN
2572,18115,p107,ohio,IN
2573,18117,p107,orange,IN
2574,18119,p107,owen,IN
2575,18123,p107,perry,IN
2576,18125,p107,pike,IN
2577,18129,p107,posey,IN
2578,18137,p107,ripley,IN
2579,18139,p107,rush,IN
2580,18143,p107,scott,IN
2581,18145,p107,shelby,IN
2582,18147,p107,spencer,IN
2583,18153,p107,sullivan,IN
2584,18155,p107,switzerland,IN
2585,18161,p107,union,IN
2586,18163,p107,vanderburgh,IN
2587,18173,p107,warrick,IN
2588,18175,p107,washington,IN
2589,18177,p107,wayne,IN
2590,21027,p108,breckinridge,KY
2591,21033,p108,caldwell,KY
2592,21055,p108,crittenden,KY
2593,21059,p108,daviess,KY
2594,21085,p108,grayson,KY
2595,21091,p108,hancock,KY
2596,21101,p108,henderson,KY
2597,21107,p108,hopkins,KY
2598,21149,p108,mclean,KY
2599,21177,p108,muhlenberg,KY
2600,21183,p108,ohio,KY
2601,21225,p108,union,KY
2602,21233,p108,webster,KY
2603,21001,p109,adair,KY
2604,21005,p109,anderson,KY
2605,21009,p109,barren,KY
2606,21011,p109,bath,KY
2607,21013,p109,bell,KY
2608,21015,p109,boone,KY
2609,21017,p109,bourbon,KY
2610,21021,p109,boyle,KY
2611,21023,p109,bracken,KY
2612,21029,p109,bullitt,KY
2613,21037,p109,campbell,KY
2614,21041,p109,carroll,KY
2615,21045,p109,casey,KY
2616,21049,p109,clark,KY
2617,21051,p109,clay,KY
2618,21061,p109,edmonson,KY
2619,21063,p109,elliott,KY
2620,21065,p109,estill,KY
2621,21067,p109,fayette,KY
2622,21069,p109,fleming,KY
2623,21073,p109,franklin,KY
2624,21077,p109,gallatin,KY
2625,21079,p109,garrard,KY
2626,21081,p109,grant,KY
2627,21087,p109,green,KY
2628,21089,p109,greenup,KY
2629,21093,p109,hardin,KY
2630,21095,p109,harlan,KY
2631,21097,p109,harrison,KY
2632,21099,p109,hart,KY
2633,21103,p109,henry,KY
2634,21109,p109,jackson,KY
2635,21111,p109,jefferson,KY
2636,21113,p109,jessamine,KY
2637,21115,p109,johnson,KY
2638,21117,p109,kenton,KY
2639,21121,p109,knox,KY
2640,21123,p109,larue,KY
2641,21125,p109,laurel,KY
2642,21129,p109,lee,KY
2643,21135,p109,lewis,KY
2644,21137,p109,lincoln,KY
2645,21151,p109,madison,KY
2646,21153,p109,magoffin,KY
2647,21155,p109,marion,KY
2648,21161,p109,mason,KY
2649,21163,p109,meade,KY
2650,21165,p109,menifee,KY
2651,21167,p109,mercer,KY
2652,21173,p109,montgomery,KY
2653,21175,p109,morgan,KY
2654,21179,p109,nelson,KY
2655,21181,p109,nicholas,KY
2656,21185,p109,oldham,KY
2657,21187,p109,owen,KY
2658,21189,p109,owsley,KY
2659,21191,p109,pendleton,KY
2660,21197,p109,powell,KY
2661,21201,p109,robertson,KY
2662,21203,p109,rockcastle,KY
2663,21205,p109,rowan,KY
2664,21209,p109,scott,KY
2665,21211,p109,shelby,KY
2666,21215,p109,spencer,KY
2667,21217,p109,taylor,KY
2668,21223,p109,trimble,KY
2669,21229,p109,washington,KY
2670,21235,p109,whitley,KY
2671,21237,p109,wolfe,KY
2672,21239,p109,woodford,KY
2673,21019,p110,boyd,KY
2674,21025,p110,breathitt,KY
2675,21043,p110,carter,KY
2676,21071,p110,floyd,KY
2677,21119,p110,knott,KY
2678,21127,p110,lawrence,KY
2679,21131,p110,leslie,KY
2680,21133,p110,letcher,KY
2681,21159,p110,martin,KY
2682,21193,p110,perry,KY
2683,21195,p110,pike,KY
2684,39007,p111,ashtabula,OH
2685,39029,p111,columbiana,OH
2686,39035,p111,cuyahoga,OH
2687,39043,p111,erie,OH
2688,39051,p111,fulton,OH
2689,39055,p111,geauga,OH
2690,39085,p111,lake,OH
2691,39093,p111,lorain,OH
2692,39095,p111,lucas,OH
2693,39099,p111,mahoning,OH
2694,39103,p111,medina,OH
2695,39123,p111,ottawa,OH
2696,39133,p111,portage,OH
2697,39143,p111,sandusky,OH
2698,39151,p111,stark,OH
2699,39153,p111,summit,OH
2700,39155,p111,trumbull,OH
2701,39173,p111,wood,OH
2702,39001,p112,adams,OH
2703,39003,p112,allen,OH
2704,39005,p112,ashland,OH
2705,39009,p112,athens,OH
2706,39011,p112,auglaize,OH
2707,39013,p112,belmont,OH
2708,39019,p112,carroll,OH
2709,39021,p112,champaign,OH
2710,39031,p112,coshocton,OH
2711,39033,p112,crawford,OH
2712,39037,p112,darke,OH
2713,39039,p112,defiance,OH
2714,39041,p112,delaware,OH
2715,39045,p112,fairfield,OH
2716,39049,p112,franklin,OH
2717,39053,p112,gallia,OH
2718,39059,p112,guernsey,OH
2719,39063,p112,hancock,OH
2720,39065,p112,hardin,OH
2721,39067,p112,harrison,OH
2722,39069,p112,henry,OH
2723,39071,p112,highland,OH
2724,39073,p112,hocking,OH
2725,39075,p112,holmes,OH
2726,39077,p112,huron,OH
2727,39079,p112,jackson,OH
2728,39081,p112,jefferson,OH
2729,39083,p112,knox,OH
2730,39087,p112,lawrence,OH
2731,39089,p112,licking,OH
2732,39091,p112,logan,OH
2733,39101,p112,marion,OH
2734,39105,p112,meigs,OH
2735,39107,p112,mercer,OH
2736,39111,p112,monroe,OH
2737,39115,p112,morgan,OH
2738,39117,p112,morrow,OH
2739,39119,p112,muskingum,OH
2740,39121,p112,noble,OH
2741,39125,p112,paulding,OH
2742,39127,p112,perry,OH
2743,39129,p112,pickaway,OH
2744,39131,p112,pike,OH
2745,39137,p112,putnam,OH
2746,39139,p112,richland,OH
2747,39141,p112,ross,OH
2748,39145,p112,scioto,OH
2749,39147,p112,seneca,OH
2750,39149,p112,shelby,OH
2751,39157,p112,tuscarawas,OH
2752,39159,p112,union,OH
2753,39161,p112,van wert,OH
2754,39163,p112,vinton,OH
2755,39167,p112,washington,OH
2756,39169,p112,wayne,OH
2757,39171,p112,williams,OH
2758,39175,p112,wyandot,OH
2759,39023,p113,clark,OH
2760,39027,p113,clinton,OH
2761,39047,p113,fayette,OH
2762,39057,p113,greene,OH
2763,39097,p113,madison,OH
2764,39109,p113,miami,OH
2765,39113,p113,montgomery,OH
2766,39135,p113,preble,OH
2767,39015,p114,brown,OH
2768,39017,p114,butler,OH
2769,39025,p114,clermont,OH
2770,39061,p114,hamilton,OH
2771,39165,p114,warren,OH
2772,42003,p115,allegheny,PA
2773,42005,p115,armstrong,PA
2774,42007,p115,beaver,PA
2775,42019,p115,butler,PA
2776,42051,p115,fayette,PA
2777,42059,p115,greene,PA
2778,42125,p115,washington,PA
2779,42129,p115,westmoreland,PA
2780,54001,p116,barbour,WV
2781,54003,p116,berkeley,WV
2782,54007,p116,braxton,WV
2783,54009,p116,brooke,WV
2784,54013,p116,calhoun,WV
2785,54015,p116,clay,WV
2786,54017,p116,doddridge,WV
2787,54021,p116,gilmer,WV
2788,54023,p116,grant,WV
2789,54025,p116,greenbrier,WV
2790,54027,p116,hampshire,WV
2791,54029,p116,hancock,WV
2792,54031,p116,hardy,WV
2793,54033,p116,harrison,WV
2794,54035,p116,jackson,WV
2795,54037,p116,jefferson,WV
2796,54041,p116,lewis,WV
2797,54049,p116,marion,WV
2798,54051,p116,marshall,WV
2799,54057,p116,mineral,WV
2800,54061,p116,monongalia,WV
2801,54063,p116,monroe,WV
2802,54065,p116,morgan,WV
2803,54067,p116,nicholas,WV
2804,54069,p116,ohio,WV
2805,54071,p116,pendleton,WV
2806,54073,p116,pleasants,WV
2807,54075,p116,pocahontas,WV
2808,54077,p116,preston,WV
2809,54083,p116,randolph,WV
2810,54085,p116,ritchie,WV
2811,54087,p116,roane,WV
2812,54089,p116,summers,WV
2813,54091,p116,taylor,WV
2814,54093,p116,tucker,WV
2815,54095,p116,tyler,WV
2816,54097,p116,upshur,WV
2817,54101,p116,webster,WV
2818,54103,p116,wetzel,WV
2819,54105,p116,wirt,WV
2820,54107,p116,wood,WV
2821,54005,p117,boone,WV
2822,54011,p117,cabell,WV
2823,54019,p117,fayette,WV
2824,54039,p117,kanawha,WV
2825,54043,p117,lincoln,WV
2826,54045,p117,logan,WV
2827,54047,p117,mcdowell,WV
2828,54053,p117,mason,WV
2829,54055,p117,mercer,WV
2830,54059,p117,mingo,WV
2831,54079,p117,putnam,WV
2832,54081,p117,raleigh,WV
2833,54099,p117,wayne,WV
2834,54109,p117,wyoming,WV
2835,51009,p118,amherst,VA
2836,51019,p118,bedford,VA
2837,51021,p118,bland,VA
2838,51023,p118,botetourt,VA
2839,51027,p118,buchanan,VA
2840,51035,p118,carroll,VA
2841,51045,p118,craig,VA
2842,51051,p118,dickenson,VA
2843,51063,p118,floyd,VA
2844,51067,p118,franklin,VA
2845,51071,p118,giles,VA
2846,51077,p118,grayson,VA
2847,51089,p118,henry,VA
2848,51105,p118,lee,VA
2849,51121,p118,montgomery,VA
2850,51125,p118,nelson,VA
2851,51141,p118,patrick,VA
2852,51155,p118,pulaski,VA
2853,51161,p118,roanoke,VA
2854,51167,p118,russell,VA
2855,51169,p118,scott,VA
2856,51173,p118,smyth,VA
2857,51185,p118,tazewell,VA
2858,51191,p118,washington,VA
2859,51195,p118,wise,VA
2860,51197,p118,wythe,VA
2861,51520,p118,bristol,VA
2862,51640,p118,galax,VA
2863,51680,p118,lynchburg,VA
2864,51690,p118,martinsville,VA
2865,51720,p118,norton,VA
2866,51750,p118,radford,VA
2867,51770,p118,roanoke city,VA
2868,51775,p118,salem,VA
2869,42023,p119,cameron,PA
2870,42027,p119,centre,PA
2871,42035,p119,clinton,PA
2872,42047,p119,elk,PA
2873,42105,p119,potter,PA
2874,42055,p120,franklin,PA
2875,42057,p120,fulton,PA
2876,24001,p121,allegany,MD
2877,24021,p121,frederick,MD
2878,24023,p121,garrett,MD
2879,24043,p121,washington,MD
2880,42001,p122,adams,PA
2881,42009,p122,bedford,PA
2882,42011,p122,berks,PA
2883,42013,p122,blair,PA
2884,42015,p122,bradford,PA
2885,42017,p122,bucks,PA
2886,42021,p122,cambria,PA
2887,42025,p122,carbon,PA
2888,42029,p122,chester,PA
2889,42031,p122,clarion,PA
2890,42033,p122,clearfield,PA
2891,42037,p122,columbia,PA
2892,42039,p122,crawford,PA
2893,42041,p122,cumberland,PA
2894,42043,p122,dauphin,PA
2895,42045,p122,delaware,PA
2896,42049,p122,erie,PA
2897,42053,p122,forest,PA
2898,42061,p122,huntingdon,PA
2899,42063,p122,indiana,PA
2900,42065,p122,jefferson,PA
2901,42067,p122,juniata,PA
2902,42069,p122,lackawanna,PA
2903,42071,p122,lancaster,PA
2904,42073,p122,lawrence,PA
2905,42075,p122,lebanon,PA
2906,42077,p122,lehigh,PA
2907,42079,p122,luzerne,PA
2908,42081,p122,lycoming,PA
2909,42083,p122,mckean,PA
2910,42085,p122,mercer,PA
2911,42087,p122,mifflin,PA
2912,42089,p122,monroe,PA
2913,42091,p122,montgomery,PA
2914,42093,p122,montour,PA
2915,42095,p122,northampton,PA
2916,42097,p122,northumberland,PA
2917,42099,p122,perry,PA
2918,42101,p122,philadelphia,PA
2919,42103,p122,pike,PA
2920,42107,p122,schuylkill,PA
2921,42109,p122,snyder,PA
2922,42111,p122,somerset,PA
2923,42113,p122,sullivan,PA
2924,42115,p122,susquehanna,PA
2925,42117,p122,tioga,PA
2926,42119,p122,union,PA
2927,42121,p122,venango,PA
2928,42123,p122,warren,PA
2929,42127,p122,wayne,PA
2930,42131,p122,wyoming,PA
2931,42133,p122,york,PA
2932,11001,p123,district of columbia,MD
2933,24003,p123,anne arundel,MD
2934,24005,p123,baltimore,MD
2935,24009,p123,calvert,MD
2936,24011,p123,caroline,MD
2937,24013,p123,carroll,MD
2938,24015,p123,cecil,MD
2939,24017,p123,charles,MD
2940,24019,p123,dorchester,MD
2941,24025,p123,harford,MD
2942,24027,p123,howard,MD
2943,24029,p123,kent,MD
2944,24031,p123,montgomery,MD
2945,24033,p123,prince george's,MD
2946,24035,p123,queen anne's,MD
2947,24037,p123,st. mary's,MD
2948,24039,p123,somerset,MD
2949,24041,p123,talbot,MD
2950,24045,p123,wicomico,MD
2951,24047,p123,worcester,MD
2952,24510,p123,baltimore city,MD
2953,51001,p124,accomack,VA
2954,51131,p124,northampton,VA
2955,10001,p125,kent,DE
2956,10003,p125,new castle,DE
2957,10005,p125,sussex,DE
2958,34001,p126,atlantic,NJ
2959,34003,p126,bergen,NJ
2960,34005,p126,burlington,NJ
2961,34007,p126,camden,NJ
2962,34009,p126,cape may,NJ
2963,34011,p126,cumberland,NJ
2964,34013,p126,essex,NJ
2965,34015,p126,gloucester,NJ
2966,34017,p126,hudson,NJ
2967,34019,p126,hunterdon,NJ
2968,34021,p126,mercer,NJ
2969,34023,p126,middlesex,NJ
2970,34025,p126,monmouth,NJ
2971,34027,p126,morris,NJ
2972,34029,p126,ocean,NJ
2973,34031,p126,passaic,NJ
2974,34033,p126,salem,NJ
2975,34035,p126,somerset,NJ
2976,34037,p126,sussex,NJ
2977,34039,p126,union,NJ
2978,34041,p126,warren,NJ
2979,36001,p127,albany,NY
2980,36003,p127,allegany,NY
2981,36005,p127,bronx,NY
2982,36007,p127,broome,NY
2983,36009,p127,cattaraugus,NY
2984,36011,p127,cayuga,NY
2985,36013,p127,chautauqua,NY
2986,36015,p127,chemung,NY
2987,36017,p127,chenango,NY
2988,36019,p127,clinton,NY
2989,36021,p127,columbia,NY
2990,36023,p127,cortland,NY
2991,36025,p127,delaware,NY
2992,36027,p127,dutchess,NY
2993,36029,p127,erie,NY
2994,36031,p127,essex,NY
2995,36033,p127,franklin,NY
2996,36035,p127,fulton,NY
2997,36037,p127,genesee,NY
2998,36039,p127,greene,NY
2999,36041,p127,hamilton,NY
3000,36043,p127,herkimer,NY
3001,36045,p127,jefferson,NY
3002,36047,p127,kings,NY
3003,36049,p127,lewis,NY
3004,36051,p127,livingston,NY
3005,36053,p127,madison,NY
3006,36055,p127,monroe,NY
3007,36057,p127,montgomery,NY
3008,36061,p127,new york,NY
3009,36063,p127,niagara,NY
3010,36065,p127,oneida,NY
3011,36067,p127,onondaga,NY
3012,36069,p127,ontario,NY
3013,36071,p127,orange,NY
3014,36073,p127,orleans,NY
3015,36075,p127,oswego,NY
3016,36077,p127,otsego,NY
3017,36079,p127,putnam,NY
3018,36081,p127,queens,NY
3019,36083,p127,rensselaer,NY
3020,36085,p127,richmond,NY
3021,36087,p127,rockland,NY
3022,36089,p127,st. lawrence,NY
3023,36091,p127,saratoga,NY
3024,36093,p127,schenectady,NY
3025,36095,p127,schoharie,NY
3026,36097,p127,schuyler,NY
3027,36099,p127,seneca,NY
3028,36101,p127,steuben,NY
3029,36105,p127,sullivan,NY
3030,36107,p127,tioga,NY
3031,36109,p127,tompkins,NY
3032,36111,p127,ulster,NY
3033,36113,p127,warren,NY
3034,36115,p127,washington,NY
3035,36117,p127,wayne,NY
3036,36119,p127,westchester,NY
3037,36121,p127,wyoming,NY
3038,36123,p127,yates,NY
3039,36059,p128,nassau,NY
3040,36103,p128,suffolk,NY
3041,50001,p129,addison,VT
3042,50003,p129,bennington,VT
3043,50005,p129,caledonia,VT
3044,50007,p129,chittenden,VT
3045,50009,p129,essex,VT
3046,50011,p129,franklin,VT
3047,50013,p129,grand isle,VT
3048,50015,p129,lamoille,VT
3049,50017,p129,orange,VT
3050,50019,p129,orleans,VT
3051,50021,p129,rutland,VT
3052,50023,p129,washington,VT
3053,50025,p129,windham,VT
3054,50027,p129,windsor,VT
3055,33001,p130,belknap,NH
3056,33003,p130,carroll,NH
3057,33005,p130,cheshire,NH
3058,33007,p130,coos,NH
3059,33009,p130,grafton,NH
3060,33011,p130,hillsborough,NH
3061,33013,p130,merrimack,NH
3062,33015,p130,rockingham,NH
3063,33017,p130,strafford,NH
3064,33019,p130,sullivan,NH
3065,25001,p131,barnstable,MA
3066,25003,p131,berkshire,MA
3067,25005,p131,bristol,MA
3068,25007,p131,dukes,MA
3069,25009,p131,essex,MA
3070,25011,p131,franklin,MA
3071,25013,p131,hampden,MA
3072,25015,p131,hampshire,MA
3073,25017,p131,middlesex,MA
3074,25019,p131,nantucket,MA
3075,25021,p131,norfolk,MA
3076,25023,p131,plymouth,MA
3077,25025,p131,suffolk,MA
3078,25027,p131,worcester,MA
3079,9110,p132,capitol,CT
3080,9120,p132,greater bridgeport,CT
3081,9130,p132,lower connecticut river valley,CT
3082,9140,p132,naugatuck valley,CT
3083,9150,p132,northeastern connecticut,CT
3084,9160,p132,northwest hills,CT
3085,9170,p132,south central connecticut,CT
3086,9180,p132,southeastern connecticut,CT
3087,9190,p132,western connecticut,CT
3088,44001,p133,bristol,RI
3089,44003,p133,kent,RI
3090,44005,p133,newport,RI
3091,44007,p133,providence,RI
3092,44009,p133,washington,RI
3093,23001,p134,androscoggin,ME
3094,23003,p134,aroostook,ME
3095,23005,p134,cumberland,ME
3096,23007,p134,franklin,ME
3097,23009,p134,hancock,ME
3098,23011,p134,kennebec,ME
3099,23013,p134,knox,ME
3100,23015,p134,lincoln,ME
3101,23017,p134,oxford,ME
3102,23019,p134,penobscot,ME
3103,23021,p134,piscataquis,ME
3104,23023,p134,sagadahoc,ME
3105,23025,p134,somerset,ME
3106,23027,p134,waldo,ME
3107,23029,p134,washington,ME
3108,23031,p134,york,ME
